/*
SQLyog Enterprise
MySQL - 10.4.19-MariaDB : Database - db_dispora_2
*********************************************************************
*/

/*!40101 SET NAMES utf8 */;

/*!40101 SET SQL_MODE=''*/;

/*!40014 SET @OLD_UNIQUE_CHECKS=@@UNIQUE_CHECKS, UNIQUE_CHECKS=0 */;
/*!40101 SET @OLD_SQL_MODE=@@SQL_MODE, SQL_MODE='NO_AUTO_VALUE_ON_ZERO' */;
/*!40111 SET @OLD_SQL_NOTES=@@SQL_NOTES, SQL_NOTES=0 */;
/*Table structure for table `failed_jobs` */

CREATE TABLE `failed_jobs` (
  `id` bigint(20) unsigned NOT NULL AUTO_INCREMENT,
  `uuid` varchar(255) COLLATE utf8mb4_unicode_ci NOT NULL,
  `connection` text COLLATE utf8mb4_unicode_ci NOT NULL,
  `queue` text COLLATE utf8mb4_unicode_ci NOT NULL,
  `payload` longtext COLLATE utf8mb4_unicode_ci NOT NULL,
  `exception` longtext COLLATE utf8mb4_unicode_ci NOT NULL,
  `failed_at` timestamp NOT NULL DEFAULT current_timestamp(),
  PRIMARY KEY (`id`),
  UNIQUE KEY `failed_jobs_uuid_unique` (`uuid`)
) ENGINE=InnoDB DEFAULT CHARSET=utf8mb4 COLLATE=utf8mb4_unicode_ci;

/*Data for the table `failed_jobs` */

/*Table structure for table `m_cabang_olahraga` */

CREATE TABLE `m_cabang_olahraga` (
  `id` int(11) NOT NULL AUTO_INCREMENT,
  `nama_cabang_olahraga` varchar(50) DEFAULT NULL,
  PRIMARY KEY (`id`)
) ENGINE=InnoDB AUTO_INCREMENT=28 DEFAULT CHARSET=utf8mb4;

/*Data for the table `m_cabang_olahraga` */

insert  into `m_cabang_olahraga`(`id`,`nama_cabang_olahraga`) values 
(1,'Sepak Bola'),
(2,'Tenis Meja'),
(3,'Renang'),
(4,'Futsal'),
(5,'Volly'),
(6,'Renang'),
(7,'Bulutangkis'),
(8,'Gulat / Benjang'),
(10,'Boxer'),
(11,'Senam Air'),
(12,'Polo Air'),
(13,'Pencak Silat'),
(14,'Panahan'),
(15,'Karate'),
(18,'Lari'),
(19,'Dayung'),
(20,'Basket'),
(21,'Muay Thai'),
(22,'Taekwondo'),
(23,'Softball'),
(24,'Kursi Roda'),
(25,'Taekwondo'),
(26,'Senam'),
(27,'MMA');

/*Table structure for table `m_desa_kelurahan` */

CREATE TABLE `m_desa_kelurahan` (
  `id` int(11) NOT NULL AUTO_INCREMENT,
  `kecamatan_id` int(11) DEFAULT NULL,
  `desa_kelurahan` varchar(50) DEFAULT NULL,
  PRIMARY KEY (`id`)
) ENGINE=InnoDB AUTO_INCREMENT=281 DEFAULT CHARSET=utf8mb4;

/*Data for the table `m_desa_kelurahan` */

insert  into `m_desa_kelurahan`(`id`,`kecamatan_id`,`desa_kelurahan`) values 
(1,1,'Ancolmekar'),
(2,1,'Arjasari'),
(3,1,'Baros'),
(4,1,'Batukarut'),
(5,1,'Lebakwangi'),
(6,1,'Mangunjaya'),
(7,1,'Mekarjaya'),
(8,1,'Patrolsari'),
(9,1,'Pinggirsari'),
(10,1,'Rancakole'),
(11,1,'Wargaluyu'),
(12,2,'Bojongmalaka'),
(13,2,'Malakasari'),
(14,2,'Rancamanyar'),
(15,2,'Andir'),
(16,2,'Baleendah'),
(17,2,'Jelekong'),
(18,2,'Manggahang'),
(19,2,'Wargamekar'),
(20,3,'Banjaran'),
(21,3,'Banjaran Wetan'),
(22,3,'Ciapus'),
(23,3,'Kamasan'),
(24,3,'Kiangroke'),
(25,3,'Margahurip'),
(26,3,'Mekarjaya'),
(27,3,'Neglasari'),
(28,3,'Pasirmulya'),
(29,3,'Sindangpanon'),
(30,3,'Tarajusari'),
(31,4,'Bojongsari'),
(32,4,'Bojongsoang'),
(33,4,'Buahbatu'),
(34,4,'Cipagalo'),
(35,4,'Lengkong'),
(36,4,'Tegalluar'),
(37,5,'Bandasari'),
(38,5,'Cangkuang'),
(39,5,'Ciluncat'),
(40,5,'Jatisari'),
(41,5,'Nagrak'),
(42,5,'Pananjung'),
(43,5,'Tanjungsari'),
(44,6,'Babakan Peteuy'),
(45,6,'Cicalengka Kulon'),
(46,6,'Cicalengka Wetan'),
(47,6,'Cikuya'),
(48,6,'Dampit'),
(49,6,'Margaasih'),
(50,6,'Nagrog'),
(51,6,'Narawita'),
(52,6,'Panenjoan'),
(53,6,'Tanjungwangi'),
(54,6,'Tenjolaya'),
(55,6,'Waluya'),
(56,7,'Cihanyir'),
(57,7,'Cikancung'),
(58,7,'Cikasungka'),
(59,7,'Ciluluk'),
(60,7,'Hegarmanah'),
(61,7,'Mandalasari'),
(62,7,'Mekarlaksana'),
(63,7,'Srirahayu'),
(64,7,'Tanjunglaya'),
(65,8,'Cilengkrang'),
(66,8,'Cipanjalu'),
(67,8,'Ciporeat'),
(68,8,'Girimekar'),
(69,8,'Jatiendah'),
(70,8,'Melatiwangi'),
(71,9,'Cibiru Hilir'),
(72,9,'Cibiru Wetan'),
(73,9,'Cileunyi Kulon'),
(74,9,'Cileunyi Wetan'),
(75,9,'Cimekar'),
(76,9,'Cinunuk'),
(77,10,'Campakamulya'),
(78,10,'Cikalong'),
(79,10,'Cimaung'),
(80,10,'Cipinang'),
(81,10,'Jagabaya'),
(82,10,'Malasari'),
(83,10,'Mekarsari'),
(84,10,'Pasirhuni'),
(85,10,'Sukamaju'),
(86,10,'Warjabakti'),
(87,11,'Ciburial'),
(88,11,'Cikadut'),
(89,11,'Cimenyan'),
(90,11,'Mandalamekar'),
(91,11,'Mekarmanik'),
(92,11,'Mekarsaluyu'),
(93,11,'Sindanglaya'),
(94,11,'Cibeunying'),
(95,11,'Padasuka'),
(96,12,'Babakan'),
(97,12,'Bumiwangi'),
(98,12,'Ciheulang'),
(99,12,'Cikoneng'),
(100,12,'Ciparay'),
(101,12,'Gunungleutik'),
(102,12,'Manggungharja'),
(103,12,'Mekarlaksana'),
(104,12,'Mekarsari'),
(105,12,'Pakutandang'),
(106,12,'Sagaracipta'),
(107,12,'Sarimahi'),
(108,12,'Serangmekar'),
(109,12,'Sumbersari'),
(110,13,'Ciwidey'),
(111,13,'Lebakmuncang'),
(112,13,'Nengkelan'),
(113,13,'Panundaan'),
(114,13,'Panyocokan'),
(115,13,'Rawabogo'),
(116,13,'Sukawening'),
(117,14,'Cangkuang Kulon'),
(118,14,'Cangkuang Wetan'),
(119,14,'Citeureup'),
(120,14,'Dayeuhkolot'),
(121,14,'Sukapura'),
(122,14,'Pasawahan'),
(123,15,'Cibeet'),
(124,15,'Dukuh'),
(125,15,'Ibun'),
(126,15,'Karyalaksana'),
(127,15,'Laksana'),
(128,15,'Lampegan'),
(129,15,'Mekarwangi'),
(130,15,'Neglasari'),
(131,15,'Pangguh'),
(132,15,'Sudi'),
(133,15,'Talun'),
(134,15,'Tanggulun'),
(135,16,'Banyusari'),
(136,16,'Cilampeni'),
(137,16,'Gandasari'),
(138,16,'Katapang'),
(139,16,'Pangauban'),
(140,16,'Sangkanhurip'),
(141,16,'Sukamukti'),
(142,17,'Cibereum'),
(143,17,'Cihawuk'),
(144,17,'Cikembang'),
(145,17,'Neglawangi'),
(146,17,'Resmitingal'),
(147,17,'Santosa'),
(148,17,'Sukapura'),
(149,17,'Tarumajaya'),
(150,18,'Buninagara'),
(151,18,'Cibodas'),
(152,18,'Cilame'),
(153,18,'Gajahmekar'),
(154,18,'Jatisari'),
(155,18,'Jelegong'),
(156,18,'Kopo'),
(157,18,'Kutawaringin'),
(158,18,'Padasuka'),
(159,18,'Pameuntasan'),
(160,18,'Sukamulya'),
(161,19,'Biru'),
(162,19,'Bojong'),
(163,19,'Majakerta'),
(164,19,'Majalaya'),
(165,19,'Majasetra'),
(166,19,'Neglasari'),
(167,19,'Padamulya'),
(168,19,'Padaulun'),
(169,19,'Sukamaju'),
(170,19,'Sukamukti'),
(171,19,'Wangisagara'),
(172,20,'Cigondewah Hilir'),
(173,20,'Lagadar'),
(174,20,'Margaasih'),
(175,20,'Mekar Rahayu'),
(176,20,'Nanjung'),
(177,20,'Rahayu'),
(178,21,'Margahayu Selatan'),
(179,21,'Margahayu Tengah'),
(180,21,'Sayati'),
(181,21,'Sukamenak'),
(182,21,'Sulaeman'),
(183,22,'Bojong'),
(184,22,'Ciaro'),
(185,22,'Ciherang'),
(186,22,'Citaman'),
(187,22,'Ganjarsabar'),
(188,22,'Mandalawangi'),
(189,22,'Nagreg'),
(190,22,'Nagreg Kendan'),
(191,23,'Cikawao'),
(192,23,'Cikitu'),
(193,23,'Cinanggela'),
(194,23,'Cipejeuh'),
(195,23,'Girimulya'),
(196,23,'Mandalahaji'),
(197,23,'Maruyung'),
(198,23,'Mekarjaya'),
(199,23,'Mekarsari'),
(200,23,'Nagrak'),
(201,23,'Pangauban'),
(202,23,'Sukarame'),
(203,23,'Tanjungwangi'),
(204,24,'Bojongkunci'),
(205,24,'Bojongmanggu'),
(206,24,'Langonsari'),
(207,24,'Rancamulya'),
(208,24,'Rancatungku'),
(209,24,'Sukasari'),
(210,25,'Banjarsari'),
(211,25,'Lamajang'),
(212,25,'Margamekar'),
(213,25,'Margamukti'),
(214,25,'Margamulya'),
(215,25,'Pangalengan'),
(216,25,'Pulosari'),
(217,25,'Sukaluyu'),
(218,25,'Sukamanah'),
(219,25,'Tribaktimulya'),
(220,25,'Wanasuka'),
(221,25,'Warnasari'),
(222,26,'Cigentur'),
(223,26,'Cijagra'),
(224,26,'Cipedes'),
(225,26,'Drawati'),
(226,26,'Karangtunggal'),
(227,26,'Loa'),
(228,26,'Mekarpawitan'),
(229,26,'Sindangsari'),
(230,26,'Sukamanah'),
(231,26,'Sukamantri'),
(232,26,'Tangsimekar'),
(233,27,'Cibodas'),
(234,27,'Cikoneng'),
(235,27,'Cisondari'),
(236,27,'Cukanggenteng'),
(237,27,'Margamulya'),
(238,27,'Mekarmaju'),
(239,27,'Mekarsari'),
(240,27,'Pasirjambu'),
(241,27,'Sugihmukti'),
(242,27,'Tenjolaya'),
(243,28,'Alamendah'),
(244,28,'Cipelah'),
(245,28,'Indragiri'),
(246,28,'Patengan'),
(247,28,'Sukaresmi'),
(248,29,'Bojongloa'),
(249,29,'Bojongsalam'),
(250,29,'Cangkuang'),
(251,29,'Haurpugur'),
(252,29,'Jelegong'),
(253,29,'Linggar'),
(254,29,'Nanjungmekar'),
(255,29,'Rancaekek Kulon'),
(256,29,'Rancaekek Wetan'),
(257,29,'Sangiang'),
(258,29,'Sukamanah'),
(259,29,'Sukamulya'),
(260,29,'Tegalsumedang'),
(261,29,'Rancaekek Kencana'),
(262,30,'Bojongemas'),
(263,30,'Cibodas'),
(264,30,'Langensari'),
(265,30,'Padamukti'),
(266,30,'Panyadap'),
(267,30,'Rancakasumba'),
(268,30,'Solokanjeruk'),
(269,31,'Cingcin'),
(270,31,'Karamatmulya'),
(271,31,'Pamekaran'),
(272,31,'Panyirapan'),
(273,31,'Parungserab'),
(274,31,'Sadu'),
(275,31,'Sekarwangi'),
(276,31,'Soreang'),
(277,31,'Sukajadi'),
(278,31,'Sukanagara'),
(279,25,'Margaluyu'),
(280,26,'Cipaku');

/*Table structure for table `m_kecamatan` */

CREATE TABLE `m_kecamatan` (
  `id` int(11) NOT NULL AUTO_INCREMENT,
  `kode` varchar(20) DEFAULT NULL,
  `kecamatan` varchar(50) DEFAULT NULL,
  PRIMARY KEY (`id`)
) ENGINE=InnoDB AUTO_INCREMENT=32 DEFAULT CHARSET=utf8mb4;

/*Data for the table `m_kecamatan` */

insert  into `m_kecamatan`(`id`,`kode`,`kecamatan`) values 
(1,'32.04.16','Arjasari'),
(2,'32.04.32','Baleendah'),
(3,'32.04.13','Banjaran'),
(4,'32.04.08','Bojongsoang'),
(5,'32.04.44','Cangkuang'),
(6,'32.04.25','Cicalengka'),
(7,'32.04.27','Cikancung'),
(8,'32.04.07','Cilengkrang'),
(9,'32.04.05','Cileunyi'),
(10,'32.04.17','Cimaung'),
(11,'32.04.06','Cimenyan'),
(12,'32.04.29','Ciparay'),
(13,'32.04.39','Ciwidey'),
(14,'32.04.12','Dayeuhkolot'),
(15,'32.04.36','Ibun'),
(16,'32.04.11','Katapang'),
(17,'32.04.31','Kertasari'),
(18,'32.04.46','Kutawaringin'),
(19,'32.04.33','	Majalaya'),
(20,'32.04.10','Margaasih'),
(21,'32.04.09','Margahayu'),
(22,'32.04.26','	Nagreg'),
(23,'32.04.30','Pacet'),
(24,'32.04.14','Pameungpeuk'),
(25,'32.04.15','Pangalengan'),
(26,'32.04.35','Paseh'),
(27,'32.04.38','Pasirjambu'),
(28,'32.04.40','Rancabali'),
(29,'32.04.28','Rancaekek'),
(30,'32.04.34','Solokanjeruk'),
(31,'32.04.37','	Soreang');

/*Table structure for table `m_permission` */

CREATE TABLE `m_permission` (
  `id` int(11) NOT NULL,
  `permission` varchar(50) DEFAULT NULL,
  PRIMARY KEY (`id`)
) ENGINE=InnoDB DEFAULT CHARSET=utf8mb4;

/*Data for the table `m_permission` */

/*Table structure for table `m_prasarana` */

CREATE TABLE `m_prasarana` (
  `id` int(11) NOT NULL AUTO_INCREMENT,
  `group_cabang_olahraga` int(11) DEFAULT NULL,
  `nama_prasarana` varchar(100) DEFAULT NULL,
  `satuan` varchar(50) DEFAULT NULL,
  `stok` int(11) DEFAULT 0,
  `harga` int(11) DEFAULT 0,
  PRIMARY KEY (`id`)
) ENGINE=InnoDB AUTO_INCREMENT=26 DEFAULT CHARSET=utf8mb4;

/*Data for the table `m_prasarana` */

insert  into `m_prasarana`(`id`,`group_cabang_olahraga`,`nama_prasarana`,`satuan`,`stok`,`harga`) values 
(5,NULL,'Raket Badminton','buah',10,5000),
(6,NULL,'Kok','buah',50,5000),
(7,NULL,'Bat Tenis Meja','set',10,5000),
(8,NULL,'Bola Sepak','buah',10,5000),
(9,NULL,'Bola Basket','buah',30,5000),
(10,NULL,'Gawang Sepak Bola','buah',20,5000),
(11,NULL,'Seperangkat Peralatan Tenis Meja','set',40,5000),
(12,NULL,'Meja Tennis Meja','buah',60,5000),
(13,NULL,'Net Volly','buah',20,5000),
(14,NULL,'Bola Volly','buah',10,5000),
(15,NULL,'Matras','set',10,5000),
(16,NULL,'Net Badminton','buah',20,5000),
(17,NULL,'Bet Tenis Meja',NULL,0,5000),
(18,NULL,'Seragam Team',NULL,0,5000),
(19,NULL,'Gawang Futsal',NULL,0,5000),
(22,NULL,'test',NULL,NULL,5000),
(23,NULL,'TEst  2',NULL,NULL,5000),
(24,NULL,'TEst 3','Buah',10,78000),
(25,NULL,'Test 4','Buah',10,50000);

/*Table structure for table `m_role` */

CREATE TABLE `m_role` (
  `id` int(11) NOT NULL AUTO_INCREMENT,
  `role` varchar(50) DEFAULT NULL,
  PRIMARY KEY (`id`)
) ENGINE=InnoDB AUTO_INCREMENT=5 DEFAULT CHARSET=utf8mb4;

/*Data for the table `m_role` */

insert  into `m_role`(`id`,`role`) values 
(1,'Admin'),
(2,'Operational Admin'),
(3,'Koordinator Wilayah');

/*Table structure for table `m_role_permission` */

CREATE TABLE `m_role_permission` (
  `id` int(11) NOT NULL AUTO_INCREMENT,
  `id_role` int(11) DEFAULT NULL,
  `id_permission` int(11) DEFAULT NULL,
  PRIMARY KEY (`id`)
) ENGINE=InnoDB DEFAULT CHARSET=utf8mb4;

/*Data for the table `m_role_permission` */

/*Table structure for table `m_sarana` */

CREATE TABLE `m_sarana` (
  `id` int(11) NOT NULL AUTO_INCREMENT,
  `nama_sarana` varchar(100) DEFAULT NULL,
  PRIMARY KEY (`id`)
) ENGINE=InnoDB AUTO_INCREMENT=20 DEFAULT CHARSET=utf8mb4;

/*Data for the table `m_sarana` */

insert  into `m_sarana`(`id`,`nama_sarana`) values 
(1,'Lap. Sepak Bola'),
(2,'Lap. Basket'),
(3,'Lap. Tenis'),
(4,'Lap. Bulutangkis'),
(5,'Lap. Bola Volly'),
(6,'Lap. Tennis Meja'),
(13,'Lap. Serba Guna'),
(14,'Lap. Futsal'),
(15,'Lap. Bola Basket'),
(16,'Lap. Athletic'),
(17,'Kolam Renang'),
(18,'GSG'),
(19,'Lap Tennis');

/*Table structure for table `migrations` */

CREATE TABLE `migrations` (
  `id` int(10) unsigned NOT NULL AUTO_INCREMENT,
  `migration` varchar(255) COLLATE utf8mb4_unicode_ci NOT NULL,
  `batch` int(11) NOT NULL,
  PRIMARY KEY (`id`)
) ENGINE=InnoDB AUTO_INCREMENT=5 DEFAULT CHARSET=utf8mb4 COLLATE=utf8mb4_unicode_ci;

/*Data for the table `migrations` */

insert  into `migrations`(`id`,`migration`,`batch`) values 
(1,'2014_10_12_000000_create_users_table',1),
(2,'2014_10_12_100000_create_password_resets_table',1),
(3,'2019_08_19_000000_create_failed_jobs_table',1),
(4,'2019_12_14_000001_create_personal_access_tokens_table',1);

/*Table structure for table `password_resets` */

CREATE TABLE `password_resets` (
  `email` varchar(255) COLLATE utf8mb4_unicode_ci NOT NULL,
  `token` varchar(255) COLLATE utf8mb4_unicode_ci NOT NULL,
  `created_at` timestamp NULL DEFAULT NULL,
  KEY `password_resets_email_index` (`email`)
) ENGINE=InnoDB DEFAULT CHARSET=utf8mb4 COLLATE=utf8mb4_unicode_ci;

/*Data for the table `password_resets` */

/*Table structure for table `personal_access_tokens` */

CREATE TABLE `personal_access_tokens` (
  `id` bigint(20) unsigned NOT NULL AUTO_INCREMENT,
  `tokenable_type` varchar(255) COLLATE utf8mb4_unicode_ci NOT NULL,
  `tokenable_id` bigint(20) unsigned NOT NULL,
  `name` varchar(255) COLLATE utf8mb4_unicode_ci NOT NULL,
  `token` varchar(64) COLLATE utf8mb4_unicode_ci NOT NULL,
  `abilities` text COLLATE utf8mb4_unicode_ci DEFAULT NULL,
  `last_used_at` timestamp NULL DEFAULT NULL,
  `created_at` timestamp NULL DEFAULT NULL,
  `updated_at` timestamp NULL DEFAULT NULL,
  PRIMARY KEY (`id`),
  UNIQUE KEY `personal_access_tokens_token_unique` (`token`),
  KEY `personal_access_tokens_tokenable_type_tokenable_id_index` (`tokenable_type`,`tokenable_id`)
) ENGINE=InnoDB DEFAULT CHARSET=utf8mb4 COLLATE=utf8mb4_unicode_ci;

/*Data for the table `personal_access_tokens` */

/*Table structure for table `t_detail_distribusi_prasarana` */

CREATE TABLE `t_detail_distribusi_prasarana` (
  `id` int(11) NOT NULL AUTO_INCREMENT,
  `id_distribusi_prasarana` int(11) DEFAULT NULL,
  `id_prasarana` int(11) DEFAULT NULL,
  `jumlah` int(11) DEFAULT NULL,
  `keterangan` varchar(100) DEFAULT NULL,
  PRIMARY KEY (`id`)
) ENGINE=InnoDB AUTO_INCREMENT=35 DEFAULT CHARSET=utf8mb4;

/*Data for the table `t_detail_distribusi_prasarana` */

insert  into `t_detail_distribusi_prasarana`(`id`,`id_distribusi_prasarana`,`id_prasarana`,`jumlah`,`keterangan`) values 
(1,2,5,5,'Satuan'),
(2,2,6,50,'Satuan'),
(3,2,12,23,'Satuan'),
(4,2,19,2,'Satuan'),
(5,1,12,10,'Bagus'),
(6,4,5,12,'Satuan'),
(7,4,6,10,'Sataun'),
(8,5,8,2,'Seperangkat'),
(9,7,5,2,'Satuan'),
(10,7,13,5,'Satuan'),
(11,8,7,10,'Satuan'),
(12,6,5,50,'Satuan'),
(13,6,6,100,'Satuan'),
(14,6,7,250,'Satuan'),
(15,6,8,200,'Satuan'),
(16,6,9,500,'Satuan'),
(17,6,10,200,'Sepasanag'),
(18,6,12,50,'Satuan'),
(19,6,13,10,'Satuan'),
(20,6,14,500,'Satuan'),
(21,9,5,10,'-'),
(22,9,10,5,'Pasang'),
(23,9,7,30,'Satuan'),
(24,9,15,10,'-'),
(25,9,14,50,'-'),
(26,9,18,24,'-'),
(27,9,18,40,'-'),
(28,9,19,5,'Pasang'),
(29,11,5,10,'Satuan'),
(30,11,14,30,'-'),
(31,10,5,12,'-'),
(32,12,7,12,'-'),
(33,13,10,20,'Seapasang'),
(34,16,7,20,'-');

/*Table structure for table `t_detail_pengadaan_prasarana` */

CREATE TABLE `t_detail_pengadaan_prasarana` (
  `id` int(11) NOT NULL AUTO_INCREMENT,
  `id_pengadaan` int(11) DEFAULT NULL,
  `id_prasarana` int(11) DEFAULT NULL,
  `jumlah` int(11) DEFAULT NULL,
  PRIMARY KEY (`id`)
) ENGINE=InnoDB DEFAULT CHARSET=utf8mb4;

/*Data for the table `t_detail_pengadaan_prasarana` */

/*Table structure for table `t_distribusi_prasarana` */

CREATE TABLE `t_distribusi_prasarana` (
  `id` int(11) NOT NULL AUTO_INCREMENT,
  `kode` varchar(50) DEFAULT NULL,
  `tanggal` date DEFAULT NULL,
  `periode_tahun` int(11) DEFAULT NULL,
  `id_kecamatan` int(11) DEFAULT NULL,
  `id_desa_kelurahan` int(11) DEFAULT NULL,
  `alamat` text DEFAULT NULL,
  `penanggung_jawab` varchar(50) DEFAULT NULL,
  `penerima` varchar(50) DEFAULT NULL,
  `jabatan_penerima` varchar(50) DEFAULT NULL,
  `keterangan` text DEFAULT NULL,
  `status` int(11) DEFAULT NULL,
  `file_proposal` text DEFAULT NULL,
  `file_sk_kelompok` text DEFAULT NULL,
  `file_foto_sarana` text DEFAULT NULL,
  `titik_lokasi` varchar(100) DEFAULT NULL,
  `submited_date` timestamp NULL DEFAULT NULL,
  `verified_date` timestamp NULL DEFAULT NULL,
  `approved_date` timestamp NULL DEFAULT NULL,
  `dibuat_tanggal` timestamp NULL DEFAULT current_timestamp(),
  `dibuat_oleh` varchar(50) DEFAULT NULL,
  PRIMARY KEY (`id`)
) ENGINE=InnoDB AUTO_INCREMENT=17 DEFAULT CHARSET=utf8mb4;

/*Data for the table `t_distribusi_prasarana` */

insert  into `t_distribusi_prasarana`(`id`,`kode`,`tanggal`,`periode_tahun`,`id_kecamatan`,`id_desa_kelurahan`,`alamat`,`penanggung_jawab`,`penerima`,`jabatan_penerima`,`keterangan`,`status`,`file_proposal`,`file_sk_kelompok`,`file_foto_sarana`,`titik_lokasi`,`submited_date`,`verified_date`,`approved_date`,`dibuat_tanggal`,`dibuat_oleh`) values 
(1,'','2022-02-05',NULL,7,62,'Kp Bandan No 37','Jhony','Amiruddin',NULL,NULL,4,'',NULL,NULL,NULL,'2022-02-05 20:17:47',NULL,NULL,'2022-02-06 03:17:47','admin'),
(2,'','2022-02-05',NULL,8,66,'Kp Cilengkrang','Jojon','Jany',NULL,'Bagus',4,'',NULL,NULL,NULL,'2022-02-05 20:39:17',NULL,NULL,'2022-02-06 03:39:17','admin'),
(3,'','2022-02-06',NULL,NULL,NULL,NULL,NULL,NULL,NULL,NULL,1,'',NULL,NULL,NULL,'2022-02-06 01:06:38',NULL,NULL,'2022-02-06 08:06:38','admin'),
(4,'','2022-02-06',NULL,9,76,'Kp Test','Apip','Jhonoo',NULL,'Test',4,'',NULL,NULL,NULL,'2022-02-06 05:24:31',NULL,NULL,'2022-02-06 12:24:31','admin'),
(5,'','2022-02-06',NULL,18,158,'TEst','test','test',NULL,'test',4,'',NULL,NULL,NULL,'2022-02-06 05:32:30',NULL,NULL,'2022-02-06 12:32:30','admin'),
(6,'','2022-02-06',NULL,2,16,'ewr','ewrew','werwer',NULL,'werewr',4,'',NULL,NULL,NULL,'2022-02-06 05:51:19',NULL,NULL,'2022-02-06 12:51:19','admin'),
(7,'','2022-02-06',NULL,12,104,'Kp A','Jhon','Apip',NULL,'-',4,'',NULL,NULL,NULL,'2022-02-06 06:07:57',NULL,NULL,'2022-02-06 13:07:57','admin'),
(8,'','2022-02-06',NULL,20,174,'Kp. C','C','C',NULL,'C',4,'',NULL,NULL,NULL,'2022-02-06 06:36:36',NULL,NULL,'2022-02-06 13:36:36','admin'),
(9,'','2022-02-07',NULL,14,119,'Kp Bandan No 37 RT.05','Nurapip','Hj Imron Silahap','Kepala Desa','-',4,'','','','-6.889440624515592, 107.60777334365348','2022-02-07 14:01:48',NULL,NULL,'2022-02-07 21:01:48','admin'),
(10,'','2022-02-07',NULL,12,107,'Test Sarimanah RT 07','Mongol','moncer','Ketua Olahraga','-',4,'','','','-','2022-02-07 16:54:28',NULL,NULL,'2022-02-07 23:54:28','admin'),
(11,'','2022-02-08',NULL,13,112,'Kp Ciwidey RW 09','Dimas','Nurapip','Ketua Olahraga','Data Kelengkapan nanti menyusul',4,'','','','-6.889440624515592, 107.60777334365348','2022-02-08 02:41:49',NULL,NULL,'2022-02-08 09:41:49','admin'),
(12,'','2022-02-08',NULL,17,147,'Kp test 1234','Jhono','Jhani','Ketua Olahraga','-',4,'1644336973_berita-acara.pdf','1644336973_berita-acara.pdf','1644336973_berita-acara.pdf','-','2022-02-08 16:16:13',NULL,NULL,'2022-02-08 23:16:13','admin'),
(13,'','2022-02-08',NULL,9,74,'Test','test','test','test','-',2,'-','-','-','5362536256','2022-02-08 18:11:09',NULL,NULL,'2022-02-09 01:11:09','cileunyi'),
(14,'','2022-02-08',NULL,31,269,'kp.soreang RW.07','jhon','DAdan','Kepala Olahraga','-',1,'-','-','-','-','2022-02-08 19:43:43',NULL,NULL,'2022-02-09 02:43:43','cileunyi'),
(15,'','2022-02-08',NULL,9,74,'Kp cileunyi no 45','Jhoho','Jajang','Kepala',NULL,1,'-','-','-',NULL,'2022-02-08 19:46:56',NULL,NULL,'2022-02-09 02:46:56','admin'),
(16,'','2022-02-09',NULL,9,76,'kdadaks','kkjkjkj','jkjk','jkjk','jkjk',4,'1644384995_[20220112] Minute of Meeting.docx','1644384995_[20220131] Minute of Meeting.docx','1644384995_[20220131] Minute of Meeting.docx','jkj','2022-02-09 05:36:35',NULL,'2022-02-09 05:37:38','2022-02-09 12:36:35','cileunyi');

/*Table structure for table `t_kelompok_olahraga` */

CREATE TABLE `t_kelompok_olahraga` (
  `id` int(11) NOT NULL AUTO_INCREMENT,
  `sarana_prasarana_id` int(11) DEFAULT NULL,
  `jenis_olahraga` varchar(100) DEFAULT NULL,
  `nama_club` varchar(50) DEFAULT NULL,
  `alamat` text DEFAULT NULL,
  `ketua_club` varchar(50) DEFAULT NULL,
  `status_club` varchar(20) DEFAULT NULL,
  `dibina_desa` char(1) DEFAULT 'n',
  `diunggulkan_desa` char(1) DEFAULT 'n',
  PRIMARY KEY (`id`)
) ENGINE=InnoDB AUTO_INCREMENT=474 DEFAULT CHARSET=utf8mb4;

/*Data for the table `t_kelompok_olahraga` */

insert  into `t_kelompok_olahraga`(`id`,`sarana_prasarana_id`,`jenis_olahraga`,`nama_club`,`alamat`,`ketua_club`,`status_club`,`dibina_desa`,`diunggulkan_desa`) values 
(11,70,'8','Pabeqa','RW 9','Ena Mulyana','0','n',NULL),
(12,71,'9','Iva Apal Palingtang','Rw 06','Firmansyah','0','n',NULL),
(13,72,'10','AA Boxer','Desa Ciporeat','Cecep M','0','n',NULL),
(14,73,'9','Ivo Vmas','Girimekar','Yayat','0','n',NULL),
(15,73,'9','Ivo Bass','Girimekar','Bagja','0','n',NULL),
(16,74,'9','Gema','Desa jatiendah','Adang','0','n',NULL),
(17,74,'9','Kalbesa','Desa Jatiendah','Adang','0','n',NULL),
(18,74,'7','Pb Jati','Ds. Jatiendah','Agus','0','n',NULL),
(19,74,'7','Pb Batan','Ds. Jatiendah','Agus','0','n',NULL),
(20,74,'7','RBC','Ds. Jatiendah','Iyan','0','n',NULL),
(21,75,'9','Ivo Varcom','Ds. Melatiwangi','Jejen','0','n',NULL),
(22,75,'7','PB Aspar','Ds. Melatiwangi','Jejen','0','n',NULL),
(23,76,'4','KKTM FC','Ds. Cibiru Hilir Rw 04','Indra','0','n',NULL),
(24,76,'4','BARKA FC','Ds. Cibiru Hilir Rw 06','Ijal','0','n',NULL),
(25,76,'4','PASPENG','Ds. Cibiru Hilir Rw 02','Anggi','0','n',NULL),
(26,76,'4','PANDORA FC','Ds. CIbiru Hilir Rw 07','Taupik','0','n',NULL),
(27,76,'1','BARKA FC','Ds. Cibiru Hilir Rw 06','Deden Yusup','0','n',NULL),
(28,76,'5','IVO CSC','Ds. Cibiru Hilir Rw 02','Hasanudin','0','n',NULL),
(29,76,'5','IVO KMB','Ds. Cibiru Hilir Rw 07','Wida','0','n',NULL),
(30,76,'5','IVO','Ds. Cibiru Hilir Rw 08, Rw 10, Rw 11, Rw 14','-','0','n',NULL),
(31,76,'7','PB HIDAYAT','Ds. Cibiru Hilir Rw 01','-','0','n',NULL),
(32,76,'6','PB IWANG','Ds. Cibiru Hilir Rw 03','-','0','n',NULL),
(33,76,'7','PB. RW 07','Ds. Cibiru Hilir Rw 07','-','0','n',NULL),
(34,76,'7','PB PILAR','Ds. Cibiru Hilir Rw 12','-','0','n',NULL),
(35,77,'1','PS.PARBAT PUMA','Desa Banjarsari','-','0','n',NULL),
(36,77,'5','Ivo. Parbat.Ivomal','Desa Banjarsari','Tantang H','0','n',NULL),
(37,79,'1','Tunas Biru SSB','Ds. Cibiru Wetan','Banjar','1','n',NULL),
(38,79,'9','Chandra','Ds. Cibiru Wetan','Agus','1','n',NULL),
(39,79,'7','PB AHAD','Ds. Cibiru Wetan','Iwan','0','n',NULL),
(40,79,'2','PTM SINDERIO','Ds. Cibiru Wetan','Acep','0','n',NULL),
(41,80,'1','SAPUTRA FC','Cileunyi Kulon','Setiawan','0','n',NULL),
(42,80,'4','IPR','Ds. Cileunyi Kulon','Dedi Mulyadi','0','n',NULL),
(43,80,'4','OIZI FC','Ds Cileunyi Kulon Rw 11','Teguh','0','n',NULL),
(44,80,'4','GALUMPIT FC','Ds. CIleunyi Kulon','Ujang Amas','0','y',NULL),
(45,80,'1','OIZI FC','Ds. CIleunyi Kulon, Rw 11','Teguh','0','n',NULL),
(46,80,'1','PURNAMA FC','Ds. Cikalong Kulon Rw 26','Iming Somantri','0','y',NULL),
(47,80,'1','BTB FC','Ds. Cileunyi Kulon Rw 22','Iwan','0','n',NULL),
(48,80,'1','TAMCIL FC','Ds Cileunyi Kulon Rw 22','Iwan','0','n',NULL),
(49,80,'9','IVO TUNAS MUDA','Ds Cileunyi Kulon Rw 02','Atang','0','n',NULL),
(50,80,'8','IVO GEMA','Ds Cileunyi Kulon  Rw 03','Jana','0','y',NULL),
(51,80,'9','IVO PERSEPAL','Ds CIkalong Kulon Rw 26','Rijal','0','n',NULL),
(52,80,'9','IVO SABARAYA','Ds Cikalong Kulon Rw 07','Junaedi','0','n',NULL),
(53,80,'9','IVO MEMORY','Ds Cileunyi Kulon Rw 26','Adeng','0','n',NULL),
(54,80,'9','IVO TAMCIL','Ds Cileunyi Kulon Rw 22','Ukon Jamiat','0','n',NULL),
(55,80,'7','PD DESA','Ds Cileunyi Kulon Rw 08','Asep Jamil','0','n',NULL),
(56,80,'7','PB ABADI','Ds Cileunyi Kulon Rw 15','Sujiman','0','n',NULL),
(57,80,'7','PB RASIDI','Ds Cileunyi Kulon Rw 06','Ujang','0','n',NULL),
(58,80,'7','PB MK','Ds Cileunyi Kulon Rw 08','Radi Mulyana','0','n',NULL),
(59,83,'1','FAMILY FC','Rw 13','Deden Sutardin','0','n',NULL),
(60,83,'1','IRONI FC','RW 06','Witana','0','n',NULL),
(61,83,'1','SAUYUNAN FC','Rw 22','Mardi','0','n',NULL),
(62,83,'1','SCUDETO FC','Rw 07','Dayat Suherman','0','n',NULL),
(63,83,'4','IPR FC','Rw 11','Iwa D','0','y',NULL),
(64,83,'4','SAUYUNAN FC','Rw 22','Gandi','0','n',NULL),
(65,83,'5','IVO PUMA','Rw 15','Mansur','0','n',NULL),
(66,83,'5','IVO ASRI','Rw 07','Wahyudi','0','n',NULL),
(67,83,'5','IVO GESPER','Rw 10','Totoh Hidayat','0','n',NULL),
(68,83,'5','IVO ATROX','Rw 12','Udung','0','n',NULL),
(69,83,'4','IVO GUNTUR','Rw 11','Hanhan','0','n',NULL),
(70,83,'7','PB CILWET','Rw 08','Jaja','0','n',NULL),
(71,83,'13','SINAR PANGHEGAGAR','Rw 21','Dedi Haedi','0','n',NULL),
(72,84,'1','Gapera,Percita Hunter','Kp.Puncak Raya RT02/RW01','Iwan Kurnia','0','n',NULL),
(73,83,'11','OCES','Rw 12','Beci','0','n',NULL),
(74,84,'5','Bomber,Cakra,Istiqomah','Desa Margaluyu Kec. Pangalengan','-','0','n',NULL),
(75,84,'7','-','Desa Margaluyu Kec. Pangalengan','-','0','y',NULL),
(76,85,'1','Arsenal,Putra Sunda','Kp. Lokulalet Desa Margamekar Kec.Pengalengan','Encang Sutraya','0','n',NULL),
(77,85,'4','Sedesamargamekar','Desa Margamekar Kec.Pengalengan','Danto','0','y',NULL),
(78,85,'5','Mekarbakti','Kp.Cieurih Desa Margamekar Kec.Pengalengan','Irpan Nugraha','0','n',NULL),
(79,85,'2','N-Max','Kp.Cisangkay  Desa Margamekar Kec.Pengalengan','ALDI','0','n',NULL),
(80,85,'13','Langkah Buana','Kp. Mekarbakti Desa Margamekar Kec.Pengalengan','WARNO','1','y',NULL),
(81,87,'1','CILEUNYI LEGEND','Ds Cimekar','Yongki','1','n',NULL),
(82,87,'4','PUTRA 17','Ds Cimekar Rw 17','Faqih','0','n',NULL),
(83,87,'2','PTM AE FAMILY','Ds. Cimekar Pasantren','Tia R','0','n',NULL),
(84,87,'14','ARCHERY PARK 25','Ds Cimekar Rw 25','Wahyu','0','n',NULL),
(85,86,'1','MARGAMUKTI FC','Kp.Sukamenak Desa Margamukti Kec. Pangalengan','Ayi Karmat, S ,SE','0','y',NULL),
(86,86,'7','PEMOES IVO','Kp. Sukamenak Desa Margamukti Kec. Pangalengan','BURHAN. K','0','y',NULL),
(87,89,'1','MARGAMUKTI FC','Kp. Sukamenak Desa Margamukti Kec. Pangalengan','Ayi Karmat, S ,SE','0','y',NULL),
(88,89,'9','PEMOES IVO','Kp. Sukamenak Desa Margamukti Kec. Pangalengan','BURHAN. K','0','y',NULL),
(89,89,'7','PB MARGA MUKTI','Kp. Sukamenak Desa Margamukti Kec. Pangalengan','Asep Sopandi. H','0','y',NULL),
(90,89,'2','PTM MARGAMUKTI','Kp. Sukamenak Desa Margamukti Kec. Pangalengan','Tana Mulyana. S','0','y',NULL),
(91,91,'1','MIZAS','Desa Citaman','Ajang','0','n','n'),
(92,91,'5','Ciataman PA/PI','Desa Citaman','Leutia','0','n','n'),
(93,91,'7','CIATAMAN','Desa Citaman','Iyan Encas','1','n','y'),
(94,91,'13','Gagak Gumayung','Kp.Pasangraman Kaler','Abah Omon','0','n','n'),
(95,92,'1','PSBE','Kp. Durung Kidul','Iwan Gunawan','0','n','n'),
(96,92,'5','Rafli Boy','kp. Durung Tengah','Boby Budiman','0','n','n'),
(97,92,'7','BORFIS','Desa Bojong','Cecep Gunawan','0','y','n'),
(98,94,'1','STAR','-','-','1','n','n'),
(99,94,'7','RB.CIHUY',NULL,'Agus','0','n','n'),
(100,94,'15','-','-','Aom','0','n','n'),
(101,95,'1','-','Desa Margamulya Kec. Pangalengan','-','0','n','n'),
(102,95,'2','PTM.GEMAR','Kp. Margamulya RW02 Desa Margamukti Kec. Pangalengan','Arif .R.H','0','n','n'),
(103,96,'4','POSKI','RW.07','-','0','n','n'),
(104,96,'5','IVO GASA','RW.17','Saiwa','0','n','n'),
(105,97,'1','-','Desa Pangalengan Kec.Pengalengan','-','0','n','n'),
(106,97,'9','-','Desa Pangalengan Kec.Pengalengan','-','0','n','y'),
(107,98,'1','Citra Family,Mitra','Desa  Lamajang Kec.Pangalengan','-','0','n','n'),
(108,98,'9','Citra Family, Ivana','Desa  Lamajang Kec.Pangalengan','Ilma ,Sarhalim','0','n','y'),
(109,98,'7','Sagala','Kp. Cikondang Desa  Lamajang Kec.Pangalengan','Karno Sucitra','0','y','y'),
(110,98,'13','Gajah Putih','Desa  Lamajang Kec.Pangalengan','Tarpi , Iman','0','y','y'),
(111,100,'5','Putra Mandala','-','Kusnadi','0','n','n'),
(112,100,'13','Putra Mandala','-','Kujang Ruminglang','0','n','n'),
(113,100,'13','Sinar Pusaka','-','Kusoranto','0','n','n'),
(114,99,'1','Tunas muda','Desa pulosari Kec.Pangalengan','Soleh Sopian','0','y','y'),
(115,99,'5','Rijex','Desa pulosari Kec.Pangalengan','Dadang S','0','y','y'),
(116,99,'13','Sigra Manunggal','Desa pulosari Kec.Pangalengan','Jajang R','0','y','y'),
(117,101,'1','PORDES Desa Nagreg','Desa Nagreg','Kepala Desa','0','n','n'),
(118,101,'9','IVO RW 13','RW.13','Agus','0','n','n'),
(119,101,'2','PTM Desa Nagreg','Desa Nagreg','Riki','0','n','n'),
(120,102,'1','TEAM DESA','Desa Sukaluyu Kec.Pangalengan','PEMDES','0','y','y'),
(121,102,'5','TEAM DESA','Desa Sukaluyu Kec.Pangalengan','Karang Taruna','0','y','y'),
(122,102,'7','PB Saluyu','Desa Sukaluyu Kec.Pangalengan','Cucu','0','y','y'),
(123,102,'2','TEAM DESA','Desa Sukaluyu Kec.Pangalengan','Karang Taruna','0','y','y'),
(124,103,'1','RUSA','-','Heri A','0','n','n'),
(125,104,'1','Gafenci FC','Kp. Citere Desa Sukamanah Kec.Pangalengan','Kocen','0','y','y'),
(126,104,'5','Baruibun','Desa Sukamanah Kec.Pangalengan','Alex','0','y','y'),
(127,104,'7','Biniang Saga','Kp.Citere  Desa Sukamanah Kec.Pangalengan','Alex','0','y','y'),
(128,104,'2','Deni Club','Kp. Barusulan Desa Sukamanah Kec.Pangalengan','Deni','0','y','y'),
(129,104,'15','Deni Club','Kp. BarusulanDesa Sukamanah Kec.Pangalengan','H. Deni','0','y','y'),
(130,104,'13','Gajah Putih','Kp.Sukalaksa Desa Sukamanah Kec.Pangalengan','Asep. H','0','y','y'),
(131,104,'1','FC Mandiri , Ababil FC,Domino FC','Desa Sukamanah Kec.Pangalengan','Heri,Imron,Yayak','0','y','y'),
(132,105,'5','ASBOK','Kp. Bojong Kasa','Adang','0','n','n'),
(133,105,'5','BOVAS','Kp. Pasantren','Oyon','0','n','n'),
(134,105,'5','GP2C','kp. Cantilan','Olis','0','n','n'),
(135,105,'5','BML','Kp. Cimanggu','Tatang','0','n','n'),
(136,105,'5','Putra Mandiri','Kp. Manabaya','Padan','0','n','n'),
(137,105,'5','Saluyu','Kp. Cantilan','Ucen','0','n','n'),
(138,105,'5','GAMMA','Kp. Nanggela','Husen','0','n','n'),
(139,105,'5','Gamci','Kp. Galunggung','Ujang','0','n','n'),
(140,105,'5','APAX','Kp. Sangkali','Farni','0','n','n'),
(141,105,'5','PBC','Kp. Padimping','Ida','0','n','n'),
(142,105,'1','Barabaya F.C','Kp. Marabaya','Asep S','0','n','n'),
(143,106,'1','Tri G','Kp. Tribakti Mulya Desa Trimulya Kec. Pengalengan','Dindin','1','y','y'),
(144,106,'5','Ivo Tunas Muda','Tri Baktimulya Desa Trimulya Kec. Pengalengan','Fian','0','y','y'),
(145,106,'7','PB Mandiri','Tri Baktimulya Desa Trimulya Kec. Pengalengan','Sarif Hidayat','0','y','y'),
(146,106,'2','PB Bangkir','Tri Baktimulya Desa Trimulya Kec. Pengalengan','Suherman','0','y','y'),
(147,107,'1','PERSAS','-','Obur','0','n','n'),
(148,107,'1','PHCG','-','Dadang','0','n','n'),
(149,107,'1','ANGKASA','-','-','0','n','n'),
(150,107,'1','MOTEKAR','-','-','0','n','n'),
(151,107,'5','IVO Mekar Muda','-','-','0','n','n'),
(152,107,'5','IVO Ganesha','-','-','0','n','n'),
(153,107,'5','IVO Alebar','-','-','0','n','n'),
(154,107,'5','IVO Vausi','-','-','0','n','n'),
(155,107,'5','IVO Gemilang','-','-','0','n','n'),
(156,107,'5','IVO Angkasa','-','-','0','n','n'),
(157,107,'5','IVO Amazon','-','-','0','n','n'),
(158,110,'1','Puri','Kp.Purbasari Desa Wanasuka Kec.Pangalengan','Ahdan','0','y','y'),
(159,110,'1','Alpa','Kp.WanasukaDesa Wanasuka Kec.Pangalengan','Cecep Giri','0','y','y'),
(160,110,'5','Dodos','Kp.Wanasari Desa Wanasuka Kec.Pangalengan','Sukaesih','0','y','y'),
(161,109,'5','IVA Gelar','-','-','0','n','n'),
(162,109,'5','IVO Mozu','-','-','0','n','n'),
(163,109,'5','IVO Taspun','-','-','0','n','n'),
(164,109,'5','IVO BBE','-','-','0','n','n'),
(165,109,'5','PTM SAWANGI','-','-','0','n','n'),
(166,109,'5','PTM BBE','-','-','0','n','n'),
(167,109,'5','PAGURON KUJANG PADJAJARAN','-','-','0','n','n'),
(168,111,'1','Ciluluk & BOjong Lenggong','Ciluluk','-','0','n','n'),
(169,111,'5','RW.04, 05, 01, 02','Ds. Ciluluk','-','0','n','n'),
(170,111,'13','Gajah Putih','Desa Ciluluk','-','0','n','n'),
(171,111,'13','Putra Panggugah','-','-','0','n','n'),
(172,112,'5','IVO GMC','-','Dadan','0','n','n'),
(173,112,'5','IVO Panorama','-','Muslim','0','n','n'),
(174,112,'5','IVO Lusa','-','Muslim','0','n','n'),
(175,112,'5','IVO AMC','-','Iin Solihin','0','n','n'),
(176,112,'7','PB Hegarmanah','-','Adang M','0','n','n'),
(177,112,'2','Fathul Huda','-','Ase Supriatna','0','n','n'),
(178,113,'7','SERAMBIT','Kp.Cinangka','Aep.S','0','n','n'),
(179,114,'1','Putra Harapan','-','Dedy','0','n','n'),
(180,114,'1','PSA','-','Dedy','0','n','n'),
(181,114,'1','F.C Buana','-','Hery','0','n','n'),
(182,114,'1','PSME','-','Wahyu','0','n','n'),
(183,114,'5','IVO Puma','-','Ayi','1','n','n'),
(184,114,'5','IVO Gampita','-','Aa Abdurrahman','0','n','n'),
(185,114,'5','IVO Gemel','-','Soleh','0','n','n'),
(186,114,'5','IVO GAPORCI','-','Jamal','0','n','n'),
(187,114,'5','IVO Baraya','-','Ayep','0','n','n'),
(188,114,'5','IVO BKMC','-','Dede','0','n','n'),
(189,114,'5','IVO Mandiri','-','Engkos','0','n','n'),
(190,114,'5','IVO GENTA','-','Usep','0','n','n'),
(191,114,'13','Putra Mekar Pangugah','-','Heri sanjaya','0','n','n'),
(192,114,'5','Sinar Pusaka','-','Asep Kancil','0','n','n'),
(193,115,'1','Forcy & Putra Merpati','Ds.Srirahayu','Dian & Jamal','0','n','n'),
(194,115,'5','Family & IVO GMC','-','Jana *   Firman','0','n','n'),
(195,115,'13','Gajah Putih','-','Ahmad Sadadi','0','n','n'),
(196,116,'2','PTM SPRTIP','-','Bahyar Sari','0','n','n'),
(197,116,'4','Padawa','-','Rido Balil','0','n','n'),
(198,116,'5','New Galery','-','Eri','0','n','n'),
(199,117,'1','PORKAM','RW.011','Ende Samsudin','0','n','n'),
(200,117,'1','SEPAKAT','RW.015','Ujang Suparman','0','n','n'),
(201,117,'1','DC United','RW.012','Deden Suparman','0','n','n'),
(202,117,'1','Former F.C','RW.06','Hj. Ishak Sholeh','0','n','n'),
(203,117,'5','Aramada','RW.08','Ujang Ludo','0','n','n'),
(204,117,'5','Leber','RW.10','Enjang .S','0','n','n'),
(205,117,'5','PMBB','RW.14','Aep Saepudin','0','n','n'),
(206,117,'5','Plered','RW.15','Indra Hermawan','0','n','n'),
(207,117,'7','PB Putrajaya','RW.011','Hj. Bukhori','0','n','n'),
(208,117,'7','PB Desa Akembang','RW.08','Asep Fahmi','0','n','n'),
(209,117,'2','RDS','RW.11','Rudi S','0','n','n'),
(210,117,'2','Hilman F','RW.07','Hilman','0','n','n'),
(211,118,'1','Pandawa','Kp. Negla RW.03','Wawan','0','n','n'),
(212,118,'1','Garuda','-','Hendri','0','n','n'),
(213,118,'1','Citra Mutiara','Kp. CIbutama RW.08','Encep Lesamana','0','n','n'),
(214,118,'1','Taruna Junior','Kp. Papandayan RW.05','Usep Saepul Huyat','0','n','n'),
(215,118,'5','Gapci','Kp. Ciwangi RW.02','Hendri','0','n','n'),
(216,118,'5','Mutiara Muda','Kp. Arumsari Rw.04','Rizal Abdul Fatih','0','n','n'),
(217,118,'5','Taruna','Kp. Papandayan RW.05','Subar','0','n','n'),
(218,120,'1','PERAK FC','Kp Kurang jaya RT.02/Rw.06','Engkus','0','y','n'),
(219,120,'4','Real Wadrid FC','-','De Yommi w','0','y','n'),
(220,120,'7','Cahya Putra','Paboean','Rizal','0','y','n'),
(221,120,'2','PEMPES BESAR TENGAH','Desa Resmitinggal','PEMDES','0','y','n'),
(222,120,'13','Gajah Putih','Joglo','Engkus Maryadi','0','y','n'),
(223,120,'14','KAC','Desa Resmitinggal','Cucu Auyudin','0','y','n'),
(224,121,'1','Rimbas F.C','Kp. Babakan','Asep Kusnaedi','0','n','n'),
(225,122,'1','BUNGAS FC','-','-','0','n','n'),
(226,122,'1','PORTAM FC','-','-','0','n','n'),
(227,122,'1','PUTRA BIMA','-','-','0','n','n'),
(228,122,'1','JATAYU','-','-','0','n','n'),
(229,122,'1','PUSPA MUDA','-','-','0','n','n'),
(230,122,'1','PUTRA DANGDANG','-','-','0','n','n'),
(231,122,'1','BARCA','-','-','0','n','n'),
(232,122,'1','MANDALA','-','-','0','n','n'),
(233,122,'1','WALUYA FC','-','-','0','n','n'),
(234,122,'5','GVC','-','-','0','n','n'),
(235,122,'5','JUNIOR','-','-','0','n','n'),
(236,119,'4','PERBI','Ds Cinunuk Rw 24','Luki','1','n','y'),
(237,119,'5','IVO BANDUNG TIMUR','Ds Cinunuk Rw 06','Asep Santanu','1','n','y'),
(238,119,'13','TAJIMALELA','Ds Cinunuk Rt 01/ 01','Wahyu Supriatna','0','n','y'),
(239,119,'14','-','Ds Cinunuk Rt 04/08','Ruswandi','0','n','y'),
(240,123,'1','Pajatan FC','RW.02','H. Tatang','1','y','y'),
(241,123,'1','Taruna','RW.01','Fery','1','y','y'),
(242,119,'21','-','Ds Cinunuk Rt 04/10','081310299191','0','n','y'),
(243,123,'1','Citarum Bangkit','RW.03','Oky','1','y','y'),
(244,123,'1','Ciputra','RW.04','Oman','1','n','y'),
(245,123,'1','Gatan FC','RW.05','H.Deny','1','n','y'),
(246,123,'1','Fajar FC','RW.25','Iwan','1','n','y'),
(247,123,'1','Junior FC','RW.07','Agusu','1','n','y'),
(248,123,'1','Sbetas S','RW.09','H.Iwan','1','n','y'),
(249,124,'1','GAVORKA','Rw 07 q','Dadin M.S.Pdik','0','n','y'),
(250,124,'5','Rw 03 BBO','Rw 03','Ikoh','0','n','y'),
(251,124,'7','Rw 07','Rw 07','Ijang Cahyana','0','n','y'),
(252,124,'2','Rw 06 Rw 08','Rw 06 Rw 08','Ujang Mahpudin','0','n','y'),
(253,124,'13','Gajah Putih','Rw 10','Ujang Hilman','0','n','y'),
(254,125,'5','IVO CITRA','Ds Cibodas Rw 05','-','0','n','y'),
(255,125,'5','IVO GRESS','Ds Cibodas Rw 02','-','0','n','y'),
(256,125,'7','PB ANISA','Ds Cibodas','-','0','n','y'),
(257,127,'1','PUTRA ABC','Ds Langensari Rw 01','-','0','n','y'),
(258,127,'5','Rw 10, Rw 09, Rw 07, Rw 06','Ds Langesari','-','0','n','y'),
(259,129,'5','IVO BERINSA','Ds Padamukti','-','0','n','y'),
(260,128,'1','PSB Bojong','Desa Cigentur Kec.Paseh','H. Agus Doang','0','y','y'),
(261,128,'5','Olala','Desa Cigentur Kec.Paseh','H. Adang Hasan','0','y','y'),
(262,128,'5','Cibator , Sadulur','Desa Cigentur Kec.Paseh','Jajajng Pamungkas , Dedesopian','0','y','y'),
(263,130,'1','Faiber FC','Desa Cijagra Kec.Paseh','Teteh Hendiana','0','y','y'),
(264,130,'7','SBC','Desa Cijagra Kec.Paseh','DEDEN','1','y','y'),
(265,130,'1','Persi Muda','Desa Cijagra Kec.Paseh','Aep','0','n','y'),
(266,131,'1','Mitra Pabeyan','Kp. Pabeyan Desa Cipaku Kec.Paseh','Adit','0','y','y'),
(267,131,'5','Salaman Jah','Kp.Salman Jah Desa Cipaku Kec.Paseh','Tetein','0','y','y'),
(268,131,'7','PB Purayot','Kp.Raja Desa Desa Cipaku Kec.Paseh','Entis','0','y','y'),
(269,131,'2','PTM. Ebah','Kp.Ebah Desa Cipaku Kec.Paseh','Cecep .S','0','y','y'),
(270,131,'13','Gajah Pakuan','Kp. SalamanJah Desa Cipaku Kec.Paseh','Encu','0','y','y'),
(271,132,'7','Mekas','Desa Cipedes Kec.Paseh','Deni','0','y','y'),
(272,132,'5','Mekas,Meteor,Gapura,Sadulur,Nuralif,Maribu,Fajar','Desa Cipedes Kec.Paseh','Deni,Udi,Mirwan,Dadang,Dadang,Andy,Asep','0','y','y'),
(273,132,'13','Kujang Pusaka','Desa Cipedes Kec.Paseh','Jaelani','1','y','y'),
(274,133,'5','IVO BRINGKO','Ds Panyadap Rw 11','Nia Rahma','0','n','y'),
(275,133,'7','SABAGI SPORT','Ds Panyadap Rw 05','Endang','0','n','y'),
(276,133,'2','SABAGI SPORT','Ds Panyadap Rw 01 - Rw 12','Endang','0','n','y'),
(277,133,'13','PENCAK SILAT','Ds Panyadap','-','0','n','y'),
(278,134,'5','Cemapaka Wangi','Kp.Curugdedes Desa Drawati Kec.Paseh','ONO','0','y','y'),
(279,134,'1','Triloka FC , Sagaya FC, Aremas FC, Balad FC','Desa Drawati Kec.Paseh','-','0','y','y'),
(280,134,'1','Sukasari FC, Porkap FC, Putra KDS FC','Desa Drawati Kec.Paseh','-','0','y','y'),
(281,135,'1','PSG','Ds Rancakasumba','-','0','n','y'),
(282,135,'1','PORIA','Ds Rancakasumba','-','0','n','y'),
(283,134,'1','Cigarukguk FC ,Putra Gendewa FC,Sangiang FC','Desa Drawati Kec.Paseh','-','0','y','y'),
(284,135,'1','GAPETA','Ds Rancakasumba','-','0','n','y'),
(285,135,'5','Rw 05','Ds Rancakasumba','-','0','n','y'),
(286,135,'5','Rw 08','Ds Rancakasumba','-','0','n','y'),
(287,134,'2','Maju Mandiri','Kp.Palawijra Desa Drawati Kec.Paseh','Mamat','0','y','y'),
(288,135,'7','Mewakili Rw','Ds Rancakasumba','-','0','n','y'),
(289,135,'2','Mewakili Rw','Ds Rancakasumba','-','0','n','y'),
(290,134,'13','Gagak Lamayung','Desa Drawati Kec.Paseh','-','0','n','y'),
(291,136,'1','-','-','-','0','n','n'),
(292,136,'4','-','-','-','0','n','n'),
(293,136,'5','IVO Barum','-','-','0','n','n'),
(294,136,'5','BARNEZA','-','-','0','n','n'),
(295,136,'7','-','-','-','0','n','n'),
(296,136,'2','-','-','-','0','n','n'),
(297,138,'5','Putra Sawargi ,Binglur Saluyu Blodes','Desa Karang Tunggal Kec.Paseh','Caca,Momo ,Usep','1','y','y'),
(298,137,'1','PUTRA SOBAR','Ds Solokanjeruk','Didi Suhandi','0','n','y'),
(299,137,'7','PB SULJER','Ds Solokanjeruk','-','0','n','y'),
(300,139,'1','Saluyu ,Mitra Muda,PSCP,R7S,Bald FC','Desa Loa Kec.Paseh','Ramdan,Ipey,Andri,Dede,Asep','0','n','y'),
(301,139,'1','Sintetis FC, Ireba FC,Purnama FC,','Desa Loa Kec.Paseh','Yayan,Budi ,Wawan','0','n','y'),
(302,139,'1','Bintang Muda,Aremas','Desa Loa Kec.Paseh','Bambang , Indra','0','n','y'),
(303,140,'1','RW 01,10,06,08,09,14','Desa Mekar Pawitan Kec.Paseh','RW','0','n','y'),
(304,140,'4','RW 01','Desa Mekar Pawitan Kec.Paseh','RW','0','n','y'),
(305,140,'5','RW 07','Desa Mekar Pawitan Kec.Paseh','RW','0','n','y'),
(306,140,'7','RW 05','Desa Mekar Pawitan Kec.Paseh','RW','0','n','y'),
(307,140,'2','RW 02,03,05,08,10,12','Desa Mekar Pawitan Kec.Paseh','RW','0','n','n'),
(308,142,'13','Panca Warna','Dusun Pinggirsari RT.004 / RW. 009','H. Nurjamil','1','n','n'),
(309,142,'13','Pagar Nusa','Dusun Pinggirsari RT.001 / RW.013','H. Asep Hulwani','1','n','n'),
(310,142,'13','Panca Warna','Dusun Puncakmulya RT. 003 / RW.006','Erus','1','n','n'),
(311,142,'13','Gagak Lumayung','Dusun Pinggirsari RT.001 / RW.008','Ujang Ikbal','1','n','n'),
(312,142,'2','PTM Pinggirsari 1','Dusun Pinggirsari RT.001 / RW. 010','U. sahruddin','1','n','n'),
(313,142,'2','PTM Pinggirsari 2','Dusun Pinggirsari RT.004 / RW.009','H. Nurjamil','1','n','n'),
(314,141,'1','PORDES','Desa Sindang Sari Kec.Paseh','Asep Koswara','0','y','y'),
(315,142,'2','PTM Pinggirsari 3','Dusun Pinggirsari RT.002 / RW.013','Abdul Rohim','1','n','n'),
(316,142,'2','PTM CIAKAR','Dusun Pinggirsari RT.001 / RW.004','Rahmat Saepudin','1','n','n'),
(317,142,'2','PTM Cihawuk','Dusun Cihawuk RT.002 / RW.002','H. Syahid Hamzah','1','n','n'),
(318,142,'2','PTM Puncakmulya','Dusun Puncakmulya RT.03 / RW.06','Enceng Efendi','1','n','n'),
(319,142,'2','PTM Puncakmulya','Dusun Puncakmulya RT.003 / RW.011','Budi Setiadi','1','n','n'),
(320,142,'26','Team Senam RW.01','Dusun Cihawuk RT.002 / RW.001','Herlina','1','n','n'),
(321,143,'1','RW 15 16','Desa Suka Manah Kec.Paseh','RW','1','y','y'),
(322,142,'26','Team Senam RW.02','Dusun Cihawuk RT.002 / RW.002','Nena Nuraeni','1','n','n'),
(323,142,'26','Team Senam RW.03','Dusun Cihawuk RT.01 RW.03','Geuis','1','n','n'),
(324,143,'13','Sinar Pusaka Putra , Gajah Putih ,Gagak Lumajang','Desa Suka Manah Kec.Paseh','Odang,H.Uah,Rasman','1','y','y'),
(325,142,'26','Team Senam RW.04','Dusun Cihawuk RT.01 / RW.04','Eulis','1','n','n'),
(326,142,'26','Team Senam RW.05','Dusun Ciakar RT.001 / RW.005','Iseu Hasanah','1','n','n'),
(327,142,'26','Team Senam RW.06','Dusun Puncakmuya RT.001 / RW.006','Rosi Rahmawati','1','n','n'),
(328,142,'26','Team Senam RW.07','Dusun Puncakmulya RT.001 / RW.007','Evi','1','n','n'),
(329,142,'26','Team Senam RW.08','Dusun Pinggirsari RT.001 / RW. 008','Ihah Solihah','1','n','n'),
(330,142,'26','Team Senam RW.09','Dusun Pinggirsari RT.001 / RW.009','Wiwit','1','n','n'),
(331,142,'26','Team Senam RW.10','Dusun Pinggirsari RT.001 / RW.010','Evi Haida Ningsih','1','n','n'),
(332,142,'26','Team Senam RW.11','Dusun Puncakmulya RT.001 / RW.011','Susi Hermawati','1','n','n'),
(333,142,'26','Team Senam RW.012','Dusun Ciakar RT.001 / RW.012','Imas Masidah','1','n','n'),
(334,142,'26','Team Senam RW.013','Dusun Pinggirsari RT.001 / RW.013','Eneng','1','n','n'),
(335,142,'7','GOR DOI MANDIRI','Dusun Pinggirsari RT.001 / RW.013','Abdul Rohim','1','n','n'),
(336,142,'5','IVO GMC','Dusun Ciakar RT.001 / RW.005','Uang Otang','1','n','n'),
(337,142,'5','IVO PMC','Dusun Puncakmulya RT.002 / RW.011','Dedi Setiadi','1','n','n'),
(338,142,'5','IVO Gitar','Dusun Ciakar RT.001 / RW.012','Didin','1','n','n'),
(339,142,'5','IVO ARISTA','Dusun Ciakar RT.002 / RW.004','Gugun Gunawan','1','n','n'),
(340,144,'1','NEYAL FC','RW 08 Desa Sukamentri Kec. Paseh','Maman','0','n','y'),
(341,142,'5','IVO SALUYU','Dusun Cihawuk RT.002 / RT.002','Enung Sopian','1','n','n'),
(342,144,'5','RW 07','RW 08 Desa Sukamentri Kec. Paseh','Jefri','0','n','y'),
(343,142,'5','IVO HUNTER','Desa Cihawuk RT.002 / RW.001','Salam Suhendar','1','n','n'),
(344,142,'5','IVO BANSER','Dusun Pinggirsari RT.002 / RW.013','Otang','1','n','n'),
(345,144,'13','Gajah Putih, Tunggala Urip','Desa Sukamentri Kec. Paseh','Ayi itang','0','n','n'),
(346,142,'5','IVO PAGUPUN','Dusun Puncakmulya  RT.002 / RW.006','Agus Kodir','1','n','n'),
(347,142,'5','IVO ARDAT','Dusun Puncakmulya RT.002 / RW.007','Soni','1','n','n'),
(348,142,'5','IVO IPCI','Dusun Cihawuk RT.002 / RW.003','Parid','1','n','n'),
(349,145,'1','Tangsimekar United','KP.Tansi Mekar Desa Tangsi Mekar Kec. Paseh','H.Amin','0','y','y'),
(350,145,'5','Fordes Tangsi Mekar','KP.Tangsi Mekar Desa Tangsi Mekar Kec. Paseh','Ade tardin','0','y','y'),
(351,145,'5','IVO GMT ,BRAVO ,PBA,IVSI, STARHIL','Kp. Tangsi Mekar Desa Tangsi Mekar Kec. Paseh','-','0','y','y'),
(352,145,'13','Kujang Pajajaran','Kp.Tangsi Mekar RW07  Desa Tangsi Mekar Kec. Paseh','Dadang Sumpena','1','n','y'),
(353,147,'1','Prancis FC ,Bravo FC ,Bhinakarya FC','KP. Cisandang Desa Cikawao Kec.Pacet','Adam Efendi, Yana, Adi ,Dayat','0','n','n'),
(354,147,'1','Bongkar FC Nagara FC Cipanas FC Perba FC','Desa Cikawao Kec.Pacet','Dayat ,Ridwan ,Abas ,Agus','0','n','y'),
(355,147,'1','Purba FC ,Cikawao FC ,Sinarmuda FC ,RBK FC','Desa Cikawao Kec.Pacet','Egi Tandang Hasan Tedi','0','n','y'),
(356,147,'1','Walik FC Sawargi FC','Desa Cikawao Kec.Pacet','Dian , Haris','0','n','y'),
(357,147,'7','ARDAT','Desa Cikawao Kec.Pacet','Ipan','0','n','y'),
(358,147,'5','ARDAT','Desa Cikawao Kec.Pacet','Ipan','0','n','y'),
(359,147,'7','Mantul','Desa Cikawao Kec.Pacet','Wawan','0','n','y'),
(360,147,'2','Mantul','Desa Cikawao Kec.Pacet','Wawan','0','n','y'),
(361,147,'13','Gajah Putih','Desa Cikawao Kec.Pacet','Maman','0','n','y'),
(362,148,'1','Lingkra','Desa Cikitu Kec. Pacet','Fandi Setiawan','0','n','y'),
(363,148,'4','Junior','Desa Cikitu Kec. Pacet','Hendra','0','n','y'),
(364,148,'13','Gajah Putih','Desa Cikitu Kec. Pacet','Dayat','0','n','y'),
(365,149,'5','Ivo Aspac','Desa Cinanggela Kec. Pacet','-','0','n','y'),
(366,149,'2','RW','Desa Cinanggela Kec. Pacet','RW','0','n','n'),
(367,151,'1','Simbal','Desa Giri Mulya Kec.Pacet','Aca','0','y','y'),
(368,151,'4','GLMC','Desa Giri Mulya Kec.Pacet','Dani','0','n','n'),
(369,151,'5','Saluyu','Desa Giri Mulya Kec.Pacet','Ayi Khotimah','0','n','y'),
(370,151,'2','Remaro','Desa Giri Mulya Kec.Pacet','Asep Hilman','0','n','y'),
(371,151,'13','Gajah Putih','Desa Giri Mulya Kec.Pacet','Marin','0','n','y'),
(372,152,'1','Kharisma','Desa Mandalahaji Kec.Pacet','Yaya','0','n','n'),
(373,152,'5','IRAK','Desa Mandalahaji Kec.Pacet','Wawan','0','n','n'),
(374,152,'2','BMC','Desa Mandalahaji Kec.Pacet','Ujang Supratna','0','n','n'),
(375,152,'13','Gajah Putih','Desa Mandalahaji Kec.Pacet','Aso Rudiarso','0','n','n'),
(376,153,'1','ARENA','Desa Maruyung Kec.Pacet','Asep','1','y','y'),
(377,153,'5','Madela','Desa Maruyung Kec.Pacet','Kiki/Cepi','1','y','y'),
(378,153,'13','Pagar Nusa',NULL,'Eka','1','n','y'),
(379,154,'1','Tunas muda','Desa Mekarjaya Kec.Pacet','Hambali','0','n','n'),
(380,154,'5','ASPAN,GRAVIS,ASTI','Rw 08 01 02 Desa Mekarjaya Kec.Pacet','Agus, Rajab, Ade','0','n','n'),
(381,155,'1','Mandiri FC','RW 08 Desa Mekarsari Kec.Pacet','Heri','0','n','n'),
(382,155,'5','Ivo Arena','RW 04 Desa Mekarsari Kec.Pacet','Dana Nasrudin','0','n','n'),
(383,155,'13','Engang Setra','RW 11 Desa Mekarsari Kec.Pacet','Ayi Saepulrohman','0','n','n'),
(384,156,'1','Klop,CSPC,Simpati,BintangFC,Sinar Muda','Desa Nagrak Kec.Pacet','-','0','y','y'),
(385,156,'1','Bugar FC,A.N.S,Gapura,Armadilo','Desa Nagrak Kec.Pacet','-','0','y','y'),
(386,156,'1','Persada,Saluyu,Pordes,Desa Nagrak,Prima Parma','Desa Nagrak Kec.Pacet','-','0','y','y'),
(387,156,'1','Bunga Utama,Simpay,PSB','Desa Nagrak Kec.Pacet','-','0','y','y'),
(388,157,'5','DL-Guns','RT02 RW04 Desa Pangauban Kec.Pacet','Riyadi','0','n','n'),
(389,157,'1','Ganesa FC, Toxnet FC Porba Jaya DLL','Desa Pangauban Kec.Pacet','-','0','n','y'),
(390,158,'5','Rakutak','Desa Sukarame Kec.Pacet','Ojali','0','n','n'),
(391,159,'1','BTC,GAB,JABAR07,DLL','Kp.Tanjung sari Desa Tanjung Wangi Kec.Pacet','Deden Febi','1','y','y'),
(392,159,'4','Tanjung Sport','Kp.Tanjung Sari Desa Tanjung Wangi Kec.Pacet','-','1','y','y'),
(393,159,'5','Pasbar,Gabar,Hibar,Jalak','Kp.Tanjung Sari Desa Tanjung Wangi Kec.Pacet','-','1','y','y'),
(394,159,'7','Tanjung Sport','Kp.Tanjung Sari Desa Tanjung Wangi Kec.Pacet','-','1','y','y'),
(395,159,'2','Tanjung Sport','Kp.Tanjung Sari Desa Tanjung Wangi Kec.Pacet','-','1','y','y'),
(396,159,'15','Smpn,Pacet','Kp.Tanjung Sari Desa Tanjung Wangi Kec.Pacet','-','1','n','n'),
(397,159,'25','Smpn,Pacet','Kp.Tanjung Sari Desa Tanjung Wangi Kec.Pacet','-','1','n','n'),
(398,159,'13','Gajah Putih, Lalangbuana,Cahaya Medal','Kp.Tanjung Sari Desa Tanjung Wangi Kec.Pacet','-','1','y','y'),
(399,161,'1','Bionsa,Putra Pajar','RW14  RT 05 Desa Cicalengka Wetan Kec.Cicalengka','Karang Taruna','0','n','y'),
(400,161,'4','Kartur','RW15 Desa Cicalengka Wetan Kec.Cicalengka','Karang Taruna','0','n','n'),
(401,161,'5','IVO Tegar,GSC,Mara,Aksa','Desa Cicalengka Wetan Kec.Cicalengka','Karang Taruna','0','n','n'),
(402,161,'7','Bacin ,RW 16','Desa Cicalengka Wetan Kec.Cicalengka','-','0','n','n'),
(403,161,'2','PTM RW 08 ,06 ,05 ,05, Desa','Desa Cicalengka Wetan Kec.Cicalengka','-','0','n','n'),
(404,161,'13','Karang Taruna','Desa Cicalengka Wetan Kec.Cicalengka','Karang Taruna','0','n','n'),
(405,162,'1','Persidam','KP. Dampit Desa Dampit Kec. Cicalengka','Agus','1','n','n'),
(406,162,'5','Ivo Giri','KP. Cicalung Desa Dampit Kec. Cicalengka','Wawan M','1','y','y'),
(407,162,'7','Sabilulungan','KP. Cicalung Desa Dampit Kec. Cicalengka','Agum','1','y','n'),
(408,162,'2','-','KP. Dampit Desa Dampit Kec. Cicalengka','RW','1','n','n'),
(409,164,'5','PURBA','RW 08 Desa Babakan Peteuy Kec. Cicalengka','KOSIM','0','n','n'),
(410,164,'5','IVO (Hikayat,Gema,Hunyu,Porba,DLL)','Desa Babakan Peteuy Kec. Cicalengka','Kosim,Ayi,Asep,Dedih,Eli DLL','0','n','n'),
(411,164,'7','ANDI CS','Desa Babakan Peteuy Kec. Cicalengka','YAYAN','0','n','n'),
(412,164,'2','RW (01 05 06 12 14)','Desa Babakan Peteuy Kec. Cicalengka','-','0','n','n'),
(413,165,'1','PURBA','Desa Babakan Peteuy Kec. Cicalengka','KOSIM','0','n','n'),
(414,165,'4','ATREC','RW 01 Desa Babakan Peteuy Kec. Cicalengka','Ayi','0','n','n'),
(415,165,'5','IVO (Hikayat,Gema,Hunyur,Vorba,DLL)','Desa Babakan Peteuy Kec. Cicalengka','Asep ,Dedih ,Eli ,Ujang ,Rohim DLL','0','n','n'),
(416,165,'7','ANDI CS','Desa Babakan Peteuy Kec. Cicalengka','Erpin','0','n','n'),
(417,165,'2','RW (01 05 06 12 14)','Desa Babakan Peteuy Kec. Cicalengka','-','0','n','n'),
(418,166,'1','TORTO','Desa Cikuya Kec. Cicalengka','Iwan M','0','n','n'),
(419,166,'2','PTM Sariksa','Desa Cikuya Kec. Cicalengka','-','0','n','n'),
(420,166,'13','Margahayu','Desa Cikuya Kec. Cicalengka','Tatang','1','n','n'),
(421,167,'5','IVO Mitrajaya ,Goeroeh Muda ,Pamor, Kharisma dll','Desa Margaasih Kec.Cicalengka','Hilman Dikdik Firman Sandi dll','0','n','n'),
(422,168,'1','BCCS,Bionsa Dll','Desa Nagrog Kec.Cicalengka','Asep Cece','0','n','n'),
(423,168,'4','Nagrog FC','Desa Nagrog Kec.Cicalengka','Puja Ario','0','n','n'),
(424,168,'6','Genvic,Gema','Desa Nagrog Kec.Cicalengka','Abdul','0','n','n'),
(425,168,'7','Genvic,Gema','Desa Nagrog Kec.Cicalengka','Abdul Gani','0','n','n'),
(426,168,'5','Genvic,Gema','Desa Nagrog Kec.Cicalengka','Abdul Gani','0','n','n'),
(427,168,'7','PB Desa','Desa Nagrog Kec.Cicalengka','Iwan','0','n','n'),
(428,168,'2','PTM','Desa Nagrog Kec.Cicalengka','Puja Ario','0','n','n'),
(429,171,'5','Sauyunan','Desa NarawitaKec.Cicalengka','Taryana','0','n','n'),
(430,172,'1','GFC,Citra,Forgaf','Desa Panenjoan Kec.Cicalengka','-','0','n','n'),
(431,172,'4','GJM,PMJ,Citra,Cempaka','Desa Panenjoan Kec.Cicalengka','-','0','n','n'),
(432,172,'2','PTM Tunas Muda','Desa Panenjoan Kec.Cicalengka','Firdaus','0','n','n'),
(433,173,'5','PORALAS','Desa Tanjungwangi Kec.Cicalengka','IKIN','0','n','y'),
(434,173,'13','Usik Raga','Desa Tanjungwangi Kec.Cicalengka','OO','0','n','n'),
(435,174,'1','Persada,Bonpas,Grata','Desa Waluya Kec.Cicalengka','Rosid,Engkos,Memed','1','n','n'),
(436,174,'5','Dumcheck Libra Gemara','Desa Waluya Kec.Cicalengka','Heri,Aan Barnas','1','n','n'),
(437,174,'2','-','Desa Waluya Kec.Cicalengka','-','0','n','n'),
(438,174,'7','Waluya','Desa Waluya Kec.Cicalengka','Ujang Yaya P','1','n','n'),
(439,174,'15','-','Desa Waluya Kec.Cicalengka','Ridwan','1','n','n'),
(440,175,'1','PS.Sepak ,PS Ramah','Desa Tenjo Kec.Cicalengka','Budi, Ayi Lutfan','0','n','n'),
(441,175,'1','PS HCM, PS MSC','Desa Tenjo Kec.Cicalengka','Rohmat Dadan','0','n','n'),
(442,175,'5','IVO(Kapsa ,Sakasa Kapsa,Family)','Desa Tenjo Kec.Cicalengka','Asep, Aemal, Nana','0','n','n'),
(443,175,'13','Pencak Silat Wirah Muda','Desa Tenjo Kec.Cicalengka','DIAN','0','n','n'),
(444,176,'1','Perseba','RW 04 Desa Biru Kec.Majalaya','Wahidi','0','y','n'),
(445,176,'5','IVO Barak','Kp.Kubang RW 23 Desa Biru Kec.Majalaya','Iwan','0','n','n'),
(446,177,'1','Chuto FC','Buah jajar RW 10 Desa Bojong Kec.Majalaya','Bubun','0','y','y'),
(447,177,'4','Portim FC','RW 02 Desa Bojong Kec.Majalaya','Koko','0','n','n'),
(448,177,'5','Amuja','RW09 Desa Bojong Kec.Majalaya','Useng','0','n','n'),
(449,177,'7','Bojong','RW09 Desa Bojong Kec.Majalaya','Aris','0','n','n'),
(450,177,'2','SAMAWA','RW 03 Desa Bojong Kec.Majalaya','AKA','0','n','n'),
(451,177,'13','ASAD','Desa Bojong Kec.Majalaya','Ruan Nurdin','1','y','n'),
(452,178,'1','Paguyuban FC','RW 04 Desa MajakertaKec.Majalaya','Hasiby','0','n','n'),
(453,178,NULL,'Inkanas Majalaya','Desa Majakerta Kec.Majalaya','Yana','0','n','n'),
(454,178,'13','Pesimas Hasan','RW 10 Desa MajakertaKec.Majalaya','-','0','n','n'),
(455,178,'27','-','RW 07 Desa MajakertaKec.Majalaya','Iman','0','n','n'),
(456,179,'1','Gassak FC','RW 01 Desa Majalaya Kec.Majalaya','Hendrik M','0','y','n'),
(457,179,'2','Polis','RW03 Desa Majalaya Kec.Majalaya','Asep Aandiana','0','y','n'),
(458,179,'5','IVO Aulia','RW 05 Desa Majalaya Kec.Majalaya','Herman Sutisna','1','n','n'),
(459,180,'5','IVO Karedok','RW02 Desa Majasetra Kec.Majalaya','-','0','n','n'),
(460,180,'7','-','Desa Majasetra Kec.Majalaya','-','0','n','n'),
(461,180,'2','PTM Sahaja','Rw 10 Desa Majasetra Kec.Majalaya','-','0','n','n'),
(462,181,'1','Tunas muda','Desa Neglasetra Kec.Majalaya','-','0','y','n'),
(463,181,'5','IVO Bargun','Desa Neglasetra Kec.Majalaya','DADAN','0','y','y'),
(464,182,'1','PORDES','Ranca Jigang Desa Padamulya Kec.Majalaya','Asep Wawan','0','y','n'),
(465,183,'1','PORDES','Ds.Padaulun Kec.Majalaya','Entil Izon','0','n','n'),
(466,183,'5','IVO Angga','Ds.Padaulun Kec.Majalaya','Rudi','0','n','n'),
(467,183,'7','PB Bahan','Ds.Padaulun Kec.Majalaya','Deni','0','n','n'),
(468,183,'2','Pandawa Lima','Ds.Padaulun Kec.Majalaya','-','0','n','n'),
(469,184,'1','PORDES,PORS','Ds.Sukamaju Kec.Majalaya','Acep S, Dani','0','y','y'),
(470,185,'5','IVO Arash','Ds.Sukamukti Kec.Majalaya','-','0','n','n'),
(471,186,'1','PORDES Wangisagra','Ds.Wamgisagara Kec.Majalaya','Kades','0','y','y'),
(472,186,'5','IVO Galura','Ds.Wamgisagara Kec.Majalaya','Asep Abdurohmat','0','y','y'),
(473,186,'2','ASWANG','Ds.Wamgisagara Kec.Majalaya','Asepsahroni','0','n','n');

/*Table structure for table `t_pembinaan_olahraga` */

CREATE TABLE `t_pembinaan_olahraga` (
  `id` int(11) NOT NULL AUTO_INCREMENT,
  `sarana_prasarana_id` int(11) DEFAULT NULL,
  PRIMARY KEY (`id`)
) ENGINE=InnoDB DEFAULT CHARSET=utf8mb4;

/*Data for the table `t_pembinaan_olahraga` */

/*Table structure for table `t_pengadaan_prasarana` */

CREATE TABLE `t_pengadaan_prasarana` (
  `id` int(11) NOT NULL AUTO_INCREMENT,
  `kode` varchar(50) DEFAULT NULL,
  `tanggal` date DEFAULT NULL,
  `status` int(2) DEFAULT NULL,
  `file_attachment` text DEFAULT NULL,
  `dibuat_oleh` varchar(50) DEFAULT NULL,
  `dibuat_tanggal` timestamp NOT NULL DEFAULT current_timestamp(),
  PRIMARY KEY (`id`)
) ENGINE=InnoDB DEFAULT CHARSET=utf8mb4;

/*Data for the table `t_pengadaan_prasarana` */

/*Table structure for table `t_prasarana` */

CREATE TABLE `t_prasarana` (
  `id` int(11) NOT NULL AUTO_INCREMENT,
  `sarana_prasarana_id` int(11) DEFAULT NULL,
  `penerima_hibah` varchar(100) DEFAULT NULL,
  `jenis_penerima` varchar(50) DEFAULT NULL,
  `jenis_peralatan` varchar(50) DEFAULT NULL,
  `jumlah` int(11) DEFAULT NULL,
  PRIMARY KEY (`id`)
) ENGINE=InnoDB AUTO_INCREMENT=344 DEFAULT CHARSET=utf8mb4;

/*Data for the table `t_prasarana` */

insert  into `t_prasarana`(`id`,`sarana_prasarana_id`,`penerima_hibah`,`jenis_penerima`,`jenis_peralatan`,`jumlah`) values 
(7,70,'Aep Jaleani','RW','12',1),
(8,70,'Endang','RW','12',1),
(9,70,'Endang','RW','5',10),
(10,70,'Uhadi','RW','12',1),
(11,70,'Kuspiyadi','RW','12',1),
(12,71,'Nena Rohana','RW','13',1),
(13,71,'Junaedi','RW','14',1),
(14,71,'Huda','RW','12',1),
(15,72,'Sudarsana','RW','5',1),
(16,72,'Rusmana','RW','14',1),
(17,72,'Rusmana','RW','12',1),
(18,72,'Cecep Mulyana','RW','14',1),
(19,73,'Dadang Gunawan','RW','12',1),
(20,74,'Amang','RW','12',2),
(21,74,'Lilis','RW','12',1),
(22,75,'Dodo Rosadi','RW','12',1),
(23,75,'Dede','RW','13',1),
(24,75,'Dodo Rosadi','RW','8',1),
(25,75,'Jaring Gawang','RW','10',1),
(26,76,'Ketua Rw 03','RW','13',1),
(27,76,'Ketua Rw 04','RW','12',1),
(28,76,'Ketua Rw 06','RW','10',1),
(29,76,'Ketua Rw 07','RW','14',1),
(30,76,'Ketua Rw 10','RW','7',1),
(31,76,'Ketua Rw 12','RW','7',1),
(32,76,'Ketua Rw 09','RW','14',1),
(33,77,'Desa/Dusun','RW','12',4),
(34,77,'Ketua Dusun','Kelompok Olahraga','5',30),
(35,77,'Ketua Dusun','Kelompok Olahraga','14',3),
(36,77,'Ketua Dusun','Kelompok Olahraga','13',3),
(37,77,'Ketua Dusun','Kelompok Olahraga','8',6),
(38,77,'Ketua Dusun','Kelompok Olahraga','10',1),
(39,78,'RW','RW','14',0),
(40,78,'RW','RW','8',0),
(41,79,'Rw 19','RW','12',1),
(42,79,'Rw 10','RW','12',1),
(43,79,'Rw 12','RW','12',1),
(44,80,'Rw 06','RW','12',2),
(45,80,'Rw 06, RW 19, Rw 22','RW','13',26),
(46,80,'Rw 22','RW','8',2),
(47,83,'Rw 05','RW','12',1),
(48,83,'Rw 09','RW','12',1),
(49,83,'Rw 10','RW','11',1),
(50,83,'Rw 11','RW','12',1),
(51,83,'Rw 16','RW','12',1),
(52,83,'Rw 06','RW','7',1),
(53,84,'Desa Margaluyu','Kelompok Olahraga','8',0),
(54,84,'Desa Margaluyu','Kelompok Olahraga','5',0),
(55,84,'Desa Margaluyu','Kelompok Olahraga','13',0),
(56,84,'Desa Margaluyu','Kelompok Olahraga','14',0),
(57,84,'Desa Margaluyu','Kelompok Olahraga','7',0),
(58,84,'Desa Margaluyu','RW','10',0),
(59,85,'RW 09 Kp. Karamat','RW','5',0),
(60,85,'Kp. Mekarbakti','RW','14',0),
(61,85,'Kp. Loskulalet','RW','8',0),
(62,85,'Desa Margamekar','Kelompok Olahraga','15',0),
(63,86,'GMC','RW','8',1),
(64,86,'BARA','RW','14',2),
(65,87,'Rw 05','RW','12',1),
(66,87,'Rw 04','RW','12',1),
(67,87,'Rw 01','RW','14',1),
(68,87,'Rw 19','RW','14',1),
(69,87,'Rw 27','RW','14',1),
(70,87,'Rw 11','RW','14',1),
(71,87,'Rw 10','RW','14',1),
(72,87,'Rw 03','RW','14',1),
(73,87,'Rw 17','RW','12',1),
(74,89,'GMC','RW','8',1),
(75,89,'BARA','RW','14',2),
(76,91,'RW 01, RW 02','RW','12',NULL),
(77,91,'Perorangan','Kelompok Olahraga','5',NULL),
(78,91,'Desa','Desa','10',NULL),
(79,91,'Desa','Desa','8',NULL),
(80,92,'RW.09, RW.03','RW','12',2),
(81,92,'Desa','Desa','5',4),
(82,92,'Desa','Desa','16',1),
(83,92,'Klub 3, RW 03','RW','14',6),
(84,92,'Desa','Peorangan','8',10),
(85,92,'Desa','Desa','10',NULL),
(86,93,'RW.01','RW','13',NULL),
(87,93,'RW.08','RW','8',NULL),
(88,93,'RW.05','RW','14',NULL),
(89,93,'RW.02','RW','12',NULL),
(90,94,'-','RW','5',5),
(91,94,'RW.01, RW.04, RW.05, RW.11','RW','12',4),
(92,94,'RW.01, RW.12','RW','10',NULL),
(93,94,'RW.12','RW','8',NULL),
(94,94,'RW.11','RW','14',NULL),
(95,95,'RW 01,06,07,17,08','RW','12',5),
(96,95,'RW 22','RW','13',1),
(97,96,'RW.14, Desa','Desa','12',NULL),
(98,96,'Desa','Desa','5',NULL),
(99,96,'RW.05','RW','8',NULL),
(100,97,'RW 06 Pangalengan','RW','14',10),
(101,97,'RW 06 Pangalengan','RW','5',6),
(102,97,'RW 17 Jublegan','RW','8',10),
(103,98,'RW 08,09,16','RW','14',3),
(104,98,'RW10','RW','8',1),
(105,99,'RW 17, 15, 4 , 2 ,13 , 19','RW','14',6),
(106,99,'RW 02, 09 ,04','RW','8',3),
(107,100,'Desa','Desa','14',5),
(108,100,'Desa','Desa','13',5),
(109,99,'RW 04','RW','16',1),
(110,101,'Desa & RW','Desa','12',6),
(111,101,'Desa','Desa','8',8),
(112,101,'IVO','Peorangan','14',8),
(113,101,'-','Desa','13',NULL),
(114,102,'RW 01 -16','RW','13',32),
(115,101,'-','Desa','7',NULL),
(116,102,'RW 07','RW','8',5),
(117,102,'RW 01 -16','RW','14',32),
(118,102,'16','RW','13',16),
(119,102,'PB Saluyu','RW','5',6),
(120,103,'RW.03, RW.02','RW','12',2),
(121,103,'Desa','Desa','18',22),
(122,104,'RW','RW','12',0),
(123,104,'RW','RW','5',0),
(124,105,'RW','RW','12',NULL),
(125,105,'Klub','Kelompok Olahraga','14',NULL),
(126,105,'Klub','Kelompok Olahraga','8',NULL),
(127,106,'RW 05','RW','14',0),
(128,106,'RW 05','RW','13',0),
(129,107,'RW','RW','12',5),
(130,108,'RW','RW','12',6),
(131,109,'RW.01','RW','13',NULL),
(132,109,'RW.01, RW.04','RW','14',NULL),
(133,111,'Klub','Kelompok Olahraga','14',NULL),
(134,111,'RW','RW','12',NULL),
(135,112,'RW','RW','12',1),
(136,113,'RW.01, RW.10, RW.03, RW.11','RW','8',NULL),
(137,113,'RW.01, RW.10, RW.03, RW.11','RW','13',NULL),
(138,114,'RW','RW','18',NULL),
(139,114,'RW','RW','10',NULL),
(140,114,'RW','RW','8',NULL),
(141,114,'RW','RW','14',NULL),
(142,115,'Klub','Kelompok Olahraga','13',NULL),
(143,115,'Klub','Kelompok Olahraga','14',NULL),
(144,115,'Klub','Kelompok Olahraga','8',NULL),
(145,116,'RW','RW','14',NULL),
(146,116,'RW','RW','13',NULL),
(147,116,'RW','RW','12',NULL),
(148,117,'RW.011','RW','5',NULL),
(149,117,'RW.07','RW','15',NULL),
(150,117,'RW.09','RW','17',NULL),
(151,117,'RW.014','RW','14',NULL),
(152,117,'RW.05','RW','18',NULL),
(153,120,'RW.12','RW','12',NULL),
(154,120,'RW.05','RW','12',NULL),
(155,120,'RW.10','RW','12',NULL),
(156,120,'RW.11','RW','12',NULL),
(157,120,'RW.14','RW','12',NULL),
(158,121,'RW.02','RW','12',1),
(159,121,'RW.03','RW','12',1),
(160,121,'RW.06','RW','12',1),
(161,121,'RW.09','RW','12',1),
(162,121,'Kp. Bobokan RW.02','RW','14',1),
(163,121,'Mekarsari RW.09','RW','8',1),
(164,121,'Mekarsari RW.09','RW','8',1),
(165,122,'RW.10','RW','8',NULL),
(166,122,'RW.03','RW','14',NULL),
(167,122,'RW.12','RW','12',NULL),
(168,122,'RW.18 (Kaos Team Bola)','RW','18',NULL),
(169,122,'RW.05 (Kasos Team Volly)','RW','18',NULL),
(170,119,'Jeje Somantri Rw 04','RW','7',8),
(171,119,'Jeje Somantri Rw 04','RW','12',2),
(172,119,'Ayut Sutisna Rw 05','RW','12',1),
(173,119,'Asep Sontanu Rw 05','RW','14',18),
(174,119,'Asep Sontanu Rw 05','RW','13',4),
(175,119,'Yanto Regianto Rw 07','RW','12',1),
(176,119,'Ayi Saddi Rw 11','RW','12',1),
(177,119,'Yuda Rw 26','RW','12',1),
(178,123,'RW.04','RW','10',NULL),
(179,123,'RW.02','RW','8',NULL),
(180,123,'-','RW','14',NULL),
(181,124,'Rw 06, Rw 08','RW','12',2),
(182,124,'Rw 07, 12, 10, 11, 15','RW','8',5),
(183,124,'Rw 03, Rw 04','RW','14',2),
(184,124,'Rw 07','RW','5',2),
(185,125,'Rw 07 dan Rw 011','RW','12',2),
(186,125,'Rw 07 dan Rw 011','RW','7',2),
(187,125,'Rw 07 dan Rw 011','RW','13',2),
(188,127,'Rw 01','RW','18',1),
(189,127,'Rw 10','RW','7',1),
(190,127,'Rw 06','RW','12',1),
(191,129,'Rw 04','RW','19',1),
(192,129,'Rw 04','RW','8',1),
(193,129,'Rw 05','RW','12',1),
(194,129,'Rw 09','RW','14',1),
(195,128,'Rangga','RW','12',1),
(196,129,'Rw 06','RW','5',4),
(197,129,'Rw 07','RW','5',4),
(198,128,'RW','RW','8',3),
(199,130,'RW','RW','12',3),
(200,130,'RW','RW','9',1),
(201,130,'RW','RW','5',2),
(202,130,'RW','RW','16',1),
(203,130,'RW','RW','14',1),
(204,131,'RW','RW','12',3),
(205,132,'RW','RW','12',3),
(206,132,'Club Voly','RW','14',6),
(207,132,'Desa','Kelompok Olahraga','5',0),
(208,133,'Rw 01','RW','12',2),
(209,133,'Rw 12, Rw 17','RW','5',10),
(210,134,'RW','RW','12',2),
(211,135,'Rw 07, 08, 09 ,10','RW','12',4),
(212,135,'Rw 02, 06, 12, 13','RW','5',13),
(213,136,'RW.12','RW','12',1),
(214,136,'RW.27','RW','12',1),
(215,136,'-','Kelompok Olahraga','14',5),
(216,136,'Klub','Kelompok Olahraga','5',NULL),
(217,138,'Desa','Kelompok Olahraga','14',10),
(218,138,'RW','RW','12',2),
(219,137,'Rw 06 dan Rw 15','RW','12',1),
(220,137,'Rw 07','RW','5',1),
(221,139,'RW','RW','12',3),
(222,139,'RW','RW','13',1),
(223,139,'RW','RW','14',1),
(224,140,'RW 01','RW','8',0),
(225,140,'RW 08 ,10,12','RW','12',3),
(226,140,'RW 05','RW','16',2),
(227,140,'RW 05','RW','5',0),
(228,142,'RW.07 (Agus Maulana)','RW','17',8),
(229,142,'RW.08 (Entis)','RW','5',10),
(230,142,'RW.02','RW','12',3),
(231,142,'RW.13 (Abdul Rohim)','RW','18',32),
(232,142,'RW.11 (Budi)','RW','13',10),
(233,141,'RW 04 12','RW','12',3),
(234,141,'RW 01 02 06 07 08 09 10 11 13 14 15','RW','8',11),
(235,141,'RW06 02','RW','14',2),
(236,143,'RW 14 07','RW','5',0),
(237,143,'RW 01 02 03 05 07 08 09 13 14 15','RW','12',0),
(238,144,'RW 13 15','RW','12',0),
(239,145,'RW 05 06 08 09 11 12 13','RW','12',7),
(240,147,'RW 10','RW','12',0),
(241,148,'Desa','Desa','12',0),
(242,148,'Desa','Desa','8',0),
(243,148,'Desa','Desa','10',0),
(244,148,'Desa','Desa','14',0),
(245,149,'RW','RW','12',0),
(246,149,'Ipo Aspac','RW','14',0),
(247,149,'Ipo Aspac','Kelompok Olahraga','13',0),
(248,149,'RW','RW','17',0),
(249,150,'-','Desa','12',0),
(250,152,'RW06 07 08','RW','7',0),
(251,153,'Rusmana','Peorangan','14',0),
(252,153,'Sandi Rustandi','Peorangan','11',1),
(253,153,'Encep Misbah','Peorangan','5',0),
(254,153,'Jajang','Peorangan','8',0),
(255,154,'RW','RW','12',0),
(256,155,'Desa','Kelompok Olahraga','18',0),
(257,155,'Berdikari','Peorangan','14',0),
(258,155,'Berdikari','Peorangan','13',0),
(259,156,'RW 10 09 01','RW','8',5),
(260,156,'RW 11','RW','5',3),
(261,156,'RW 15 06 04 02','RW','14',5),
(262,156,'RW 02','RW','12',1),
(263,157,'RW','Desa','12',2),
(264,159,'Desa','Kelompok Olahraga','12',3),
(265,159,'Desa','Kelompok Olahraga','14',3),
(266,159,'Desa','Kelompok Olahraga','18',3),
(267,159,'Kel.Olahraga','Desa','18',2),
(268,159,'Kel.Olahraga','Desa','8',3),
(269,161,'RW 12 15','RW','11',0),
(270,162,'Nurdin','Peorangan','14',0),
(271,162,'Nurdin','Peorangan','13',0),
(272,162,'Adin','Peorangan','5',0),
(273,162,'Agus','Peorangan','8',0),
(274,162,'RW','RW','12',0),
(275,164,'RW 01','RW','11',1),
(276,164,'RW 05 06 12 14','RW','11',4),
(277,164,'RW 11','RW','5',8),
(278,165,'RW 01 05 06 12 14','RW','11',5),
(279,165,'RW11','RW','5',8),
(280,166,'RW 01 04 06 14','RW','12',4),
(281,166,'RW 01,06,11,12,13','RW','14',6),
(282,167,'RW12','RW','13',10),
(283,167,'RW','RW','14',16),
(284,167,'RW06','RW','5',8),
(285,167,'RW','RW','12',2),
(286,168,'RW','RW','8',0),
(287,168,'Kel.Olahraga','RW','8',0),
(288,168,'RW 06','RW','12',0),
(289,168,'endang suhendar','RW','5',0),
(290,168,'Ibin','Peorangan','17',0),
(291,171,'RW 07 03','RW','12',0),
(292,171,'RW 01 - 13','RW','14',0),
(293,172,'RW 07 08 02','RW','11',0),
(294,172,'RW 08','RW','8',0),
(295,172,'RW 08','RW','18',0),
(296,172,'RW 01 04 11','RW','13',0),
(297,172,'RW 01 04 11','RW','13',0),
(298,173,'RW 04 05 08 09','RW','12',0),
(299,173,'RW 08','RW','14',0),
(300,174,'Aan Barnas, Ependi','Peorangan','14',5),
(301,174,'Aan Barnas','Peorangan','13',2),
(302,174,'RW10','RW','12',1),
(303,174,'Iin Sopian,Yono Mulyono,Oo Jaednudin','Peorangan','12',3),
(304,174,'RW03','RW','12',1),
(305,174,'RW 10 ,Hamdani Dedi Sopandi','Peorangan','12',3),
(306,175,'RW 01 09 10','RW','12',3),
(307,175,'RW 01 02 07 08','RW','8',10),
(308,175,'RW 05 09 10 03','RW','14',10),
(309,175,'RW 04 03 06','RW','8',10),
(310,176,'RW 03 05 08 12','RW','12',4),
(311,176,'Desa','Desa','12',1),
(312,177,'Desa','Desa','11',0),
(313,178,'RW03','RW','12',2),
(314,178,'RW 03','RW','5',10),
(315,178,'RW03','RW','11',2),
(316,178,'RW03','RW','16',2),
(317,179,'Desa','Desa','12',7),
(318,179,'Desa','Desa','5',0),
(319,179,'Desa','Desa','7',0),
(320,179,'Desa','Desa','8',0),
(321,179,'Desa','Desa','13',0),
(322,180,'RW 01 03 04 05 06 10 11','RW','12',6),
(323,180,'Desa','Kelompok Olahraga','5',0),
(324,180,'RW02, IVO Karedok','RW','5',0),
(325,180,'RW 02','RW','14',5),
(326,180,'Kel.Olahraga','Desa','13',2),
(327,181,'Desa','Desa','12',0),
(328,182,'RW 01 07 10 11 12 13 05 06 08','RW','12',9),
(329,182,'RW 11','RW','14',4),
(330,182,'RW 11','RW','11',1),
(331,183,'RW 04 08 12 01','RW','12',4),
(332,183,'Desa','Desa','5',0),
(333,183,'Desa','Desa','10',0),
(334,184,'RW','RW','12',0),
(335,184,'RW','RW','5',0),
(336,184,'Desa','Desa','14',0),
(337,184,'RW','RW','17',0),
(338,185,'RW 01 14','RW','11',1),
(339,185,'RW 04 09','RW','13',0),
(340,185,'RW 04 09','RW','14',0),
(341,185,'Desa','Desa','16',0),
(342,185,'Desa','Desa','5',0),
(343,186,'Asep Syahroni','RW','12',0);

/*Table structure for table `t_prestasi_olahraga` */

CREATE TABLE `t_prestasi_olahraga` (
  `id` int(11) NOT NULL AUTO_INCREMENT,
  `sarana_prasarana_id` int(11) DEFAULT NULL,
  `nama` varchar(50) DEFAULT NULL,
  `jenis_potensi` varchar(50) DEFAULT NULL,
  `jenis_olahraga` varchar(50) DEFAULT NULL,
  `tingkat_prestasi` varchar(50) DEFAULT NULL,
  PRIMARY KEY (`id`)
) ENGINE=InnoDB AUTO_INCREMENT=126 DEFAULT CHARSET=utf8mb4;

/*Data for the table `t_prestasi_olahraga` */

insert  into `t_prestasi_olahraga`(`id`,`sarana_prasarana_id`,`nama`,`jenis_potensi`,`jenis_olahraga`,`tingkat_prestasi`) values 
(13,70,'Deden','Atlet Profesional','8','Nasional'),
(14,70,'Daep','Atlet Profesional','8','Nasional'),
(15,70,'Kerma','Atlet Profesional','8','Nasional'),
(16,70,'Agus','Atlet Profesional','7','Daerah'),
(17,70,'Mamat','Atlet Profesional','8','Daerah'),
(18,70,'Hendar','Atlet Profesional','8','Daerah'),
(19,72,'Cecep Mulyana','Pelatih','10','Nasional'),
(21,73,'Shidiq Oktavio','Atlet Profesional','10','Daerah'),
(22,73,'Maemi Kayla','Atlet Profesional','11','Daerah'),
(23,74,'Asep Kunia','Pelatih','5','Daerah'),
(24,74,'Adang Suwayarna','Pelatih','5','Daerah'),
(25,79,'SSB TUNAS BIRU','Atlet Profesional','1','Daerah'),
(26,79,'SSB TUNAS BIRU','Atlet Profesional','9','Daerah'),
(27,85,'Egi Ahmad Suargi','Atlet Usia Dini','13','Daerah'),
(28,85,'ADAM','Atlet Usia Dini','9','Daerah'),
(29,87,'Cindy Oktaviani','Atlet Profesional','13','Daerah'),
(30,87,'Wahyu','Pelatih','14','Daerah'),
(31,91,'Alci','Atlet Profesional','7','Daerah'),
(32,91,'Habib','Atlet Profesional','7','Daerah'),
(33,94,'Rivan','Atlet Profesional','2','Daerah'),
(34,97,'Ragil','Atlet Profesional','1','Daerah'),
(35,98,'Rami','Atlet Profesional','18','Daerah'),
(36,100,'Asep Didi','Atlet Profesional','1','Daerah'),
(37,99,'Rian','Atlet Profesional','1','Nasional'),
(38,101,'Fajar','Pelatih','4','Daerah'),
(39,101,'Ilyas','Pelatih','4','Daerah'),
(40,102,'Ade Yuan Susanto','Atlet Profesional','19','Nasional'),
(41,104,'Ai Kusmiati','Atlet Profesional','18','Internasional'),
(42,104,'Neng','Atlet Profesional','19','Nasional'),
(43,105,'M. Firli Mustofa Kamal','Atlet Profesional','5','Daerah'),
(44,105,'Surya Ahmad Zaelani','Atlet Profesional','13','Daerah'),
(45,105,'Zaenal Arifin','Atlet Usia Dini','4','Daerah'),
(46,105,'Dadan Ramdani','Atlet Usia Dini','4','Daerah'),
(47,105,'Nurdin','Pelatih','5','Internasional'),
(48,105,'Emen','Pelatih','13','Daerah'),
(49,106,'Misbah dan Riva','Atlet Profesional','13','Nasional'),
(50,106,'Nisa','Atlet Profesional','20','Daerah'),
(51,108,'Indra Hidayat ,Chandra ,Fajri','Pelatih','19','Nasional'),
(52,110,'Dosep','Atlet Usia Dini','5','Daerah'),
(53,110,'M.Adam Rizki','Atlet Usia Dini','5','Daerah'),
(54,109,'Cahya R','Atlet Usia Dini','2','Daerah'),
(55,109,'Jaenal M','Atlet Usia Dini','2','Daerah'),
(56,109,'Adang Dadang','Pelatih','2','Daerah'),
(57,112,'Tauhid Maulana','Atlet Profesional','4','Daerah'),
(58,112,'Rizky Ramadan','Atlet Profesional','4','Daerah'),
(59,112,'Nanda','Atlet Profesional','7','Daerah'),
(60,112,'Ridho','Atlet Profesional','7','Daerah'),
(61,114,'Ega Rizky','Atlet Profesional','5','Daerah'),
(62,115,'M. Rizky Ramdani','Atlet Usia Dini','13','Daerah'),
(63,115,'Iyas','Atlet Usia Dini','7','Daerah'),
(64,115,'Ara','Pelatih','13','Daerah'),
(65,116,'Agus Bagja','Atlet Profesional','2','Nasional'),
(66,117,'Farmer F.C','Atlet Profesional','1','Daerah'),
(67,117,'Kecamatan Kutasari','Atlet Profesional','5','Daerah'),
(68,117,'Former F.C','Atlet Usia Dini','1','Daerah'),
(69,117,'Perwakilan Kecamatan Kertasari','Atlet Usia Dini','5','Daerah'),
(70,117,'Iwan Mahmudin','Pelatih','1','Daerah'),
(71,117,'Dadang Suherman','Pelatih','5','Daerah'),
(72,120,'Guvino Kastian Detaviansyah','Atlet Usia Dini','13','Daerah'),
(73,119,'Ainun Nazwa','Atlet Profesional','22','Nasional'),
(74,119,'Dion','Atlet Profesional','13','Nasional'),
(75,124,'Ujang Cahyana','Atlet Profesional','1','Nasional'),
(76,124,'Ade Triadi','Atlet Profesional','1','Nasional'),
(77,124,'Angga Sacaprana','Atlet Profesional','1','Nasional'),
(78,129,'Farhan','Atlet Profesional','2','Nasional'),
(79,129,'Indra','Atlet Profesional','23','Nasional'),
(80,130,'RAHMAT','Pelatih','7','Daerah'),
(81,132,'Krisna Pratama','Atlet Profesional','5','Nasional'),
(82,132,'Pordes Cipedes','Atlet Profesional','5','Daerah'),
(83,133,'Upit Sarimanah','Atlet Profesional','11','Nasional'),
(84,133,'Kustiaman','Pelatih','1','Nasional'),
(85,135,'Egi','Atlet Profesional','1','Nasional'),
(86,138,'Epul','Pelatih','5','Daerah'),
(87,137,'Pepep Mustopa','Atlet Profesional','24','Nasional'),
(88,139,'Astri Yustika Ningrum','Atlet Profesional','22','Daerah'),
(89,143,'Parmita','Atlet Profesional','13','Daerah'),
(90,142,'Klub Bola Volly (Putri)','Atlet Profesional','5','Daerah'),
(91,145,'Putri Pratiwi','Atlet Profesional','13','Daerah'),
(92,145,'Beni Herwansyah','Pelatih','1','Daerah'),
(93,145,'Asep Sumiarna','Pelatih','5','Daerah'),
(94,145,'Dadang Sumpena','Pelatih','13','Daerah'),
(95,152,'Angga,Risfan,Riki,Mahmud','Atlet Profesional','5','Daerah'),
(96,152,NULL,'-','-','-'),
(97,152,'Angga,Risfan,Riki,Mahmud','Atlet Profesional','5','Daerah'),
(98,154,'Gin Gin','Atlet Profesional','5','Daerah'),
(99,154,'Ade ,Rajab','Pelatih','5','Daerah'),
(100,155,'Helmi','Atlet Usia Dini','1','Nasional'),
(101,155,'Qori','Atlet Usia Dini','5','Daerah'),
(102,156,'Adit','Atlet Usia Dini','1','Daerah'),
(103,156,'Asep Saepuloh','Pelatih','1','Daerah'),
(104,157,'Desi Ratna Ningsih','Atlet Usia Dini','5','Daerah'),
(105,159,'Iksal','Atlet Profesional','5','Daerah'),
(106,159,'Amel ,Neng,Neng','Atlet Profesional','5','Daerah'),
(107,159,'Jajang, Dana ,Entis','Pelatih','5','Daerah'),
(108,159,'Entis,Iwan, Deden','Pelatih','1','Daerah'),
(109,166,'Agus Bagja','Atlet Profesional','2','Nasional'),
(110,166,'M.Rizki Hamdani','Atlet Profesional','2','Daerah'),
(111,166,'M.Ari Ilham','Atlet Usia Dini','2','Daerah'),
(112,168,'Jordi','Atlet Profesional','5','-'),
(113,173,'Ade ganda','Atlet Profesional','5','Daerah'),
(114,173,'Asep Suryana','Atlet Profesional','5','Daerah'),
(115,173,'IVO Desa Tanjung Sari','Atlet Usia Dini','5','-'),
(116,173,'Adin','Pelatih','5','Daerah'),
(117,175,'Ima Khoirunisa','Atlet Usia Dini','5','Daerah'),
(118,175,'Azmal','Pelatih','5','Daerah'),
(119,178,'Shafa Adila Salsabila','Atlet Profesional','15','Daerah'),
(120,178,'Iman','Atlet Profesional','27','Daerah'),
(121,179,'Seni K','Atlet Profesional','8','Nasional'),
(122,181,'Rifki Fauzi','Atlet Profesional','7','Daerah'),
(123,184,'mr','-','12','Nasional'),
(124,185,'Fadillah Arya Janian','Atlet Usia Dini','1','Daerah'),
(125,186,'Aswang','Atlet Profesional','-','Daerah');

/*Table structure for table `t_sarana` */

CREATE TABLE `t_sarana` (
  `id` int(11) NOT NULL AUTO_INCREMENT,
  `sarana_prasarana_id` int(11) DEFAULT NULL,
  `jenis_sarana` varchar(100) DEFAULT NULL,
  `tipe_sarana` varchar(50) DEFAULT NULL,
  `status_kepemilikan` varchar(50) DEFAULT NULL,
  `nama_pemilik` varchar(50) DEFAULT NULL,
  `luas_lapang` varchar(50) DEFAULT NULL,
  `kondisi_lapang` varchar(50) DEFAULT NULL,
  `foto_lokasi` varchar(100) DEFAULT NULL,
  `alamat_lokasi` text DEFAULT NULL,
  PRIMARY KEY (`id`)
) ENGINE=InnoDB AUTO_INCREMENT=592 DEFAULT CHARSET=utf8mb4;

/*Data for the table `t_sarana` */

insert  into `t_sarana`(`id`,`sarana_prasarana_id`,`jenis_sarana`,`tipe_sarana`,`status_kepemilikan`,`nama_pemilik`,`luas_lapang`,`kondisi_lapang`,`foto_lokasi`,`alamat_lokasi`) values 
(14,70,'6','INDOOR','Pemerintah','-','7 x 5 / 7 x 5','Baik','1640232031_0FD6FE6C-7B7C-4EBD-B62D-41A33A0953A4.jpeg','Cilengkrang'),
(15,70,'5','OUTDOOR','Pemerintah','-','23 x 11','Baik','1640232119_1E3C5E96-3B77-430B-A46F-05783BE2841D.jpeg','Ciporeat'),
(16,70,'4','OUTDOOR','Pemerintah','-','-','Baik','1640232207_7EE20CA7-943C-4F3B-A6A5-1C07FB8147B4.jpeg','CIleunyi'),
(17,71,'1','OUTDOOR','Pemerintah','-','100 x 80','Baik','1640233975_DF3577AC-C064-49A6-9504-B763FB06D081.jpeg','Suntenjaya'),
(18,71,'6','INDOOR','Pemerintah','-','10 x 8','Baik','1640234026_E173A611-EB02-42CF-B10F-9D6CE5D42763.jpeg','Melatiwangi'),
(19,71,'5','OUTDOOR','Pemerintah','-','20 x 10 (3)','Baik','1640234084_4F75FE93-B9F9-4873-A30C-EA5A3E22DCD4.jpeg','Ujungberung'),
(20,71,'4','INDOOR','Pemerintah','-','18 x 10','Baik','1640234158_0BE315A4-6670-44BB-861C-B81E4F31434B.jpeg','Melatiwangi'),
(21,72,'4','OUTDOOR','Masyarakat','-','14 x 4 (20','Baik','1640235065_7F520CAD-CD79-4597-9E9B-21C897738AEA.jpeg','Cipanjalu'),
(22,72,'6','OUTDOOR','Pemerintah','-','6 x 8 (3) / 8 x 8 (4)','Baik','1640235131_7E5FE8F4-EAAC-4FA1-99B7-039171B46FFF.jpeg','Cipanjalu'),
(23,72,'5','OUTDOOR','Masyarakat','-','20 x 13','Baik','1640235192_7F5ADA31-FC5A-4994-858F-9C4B2B2CE64D.jpeg','Cipanjalu'),
(24,72,'5','OUTDOOR','Masyarakat','-','20 x 10 (3)','Baik','1640235235_7F520CAD-CD79-4597-9E9B-21C897738AEA (1).jpeg','Cipanjalu'),
(25,73,'4','OUTDOOR','Pemerintah','-','21 x 4','Baik','1640236036_2CB2D8A4-EC43-446C-8353-3B7E18C253C9.jpeg','Girimekar'),
(26,73,'6','INDOOR','Pemerintah','-','7 x 4','Baik','1640236131_3789BD41-A310-4BCE-A68A-6D592CF34287.jpeg','Girimekar'),
(27,73,'5','OUTDOOR','Pemerintah','-','18 x 10','Baik','1640236172_70522F98-26C0-45A5-9C11-6EAC1A71139F.jpeg','Girimekar'),
(28,73,'13','OUTDOOR','Pemerintah','-','34 x 10','Baik','1640236267_DD44FF03-52C9-4773-BF81-1735EBDEDA55.jpeg','Girimekar'),
(29,74,'6','OUTDOOR','Pemerintah','-','7 x 3','Baik','1640239080_EE453609-70E5-4EEC-8F18-7C409A9FDAA6.jpeg','Pasirwangi'),
(30,74,'5','OUTDOOR','Masyarakat','Imas','26 x 11','Baik','1640239181_3A018034-49DB-4E8B-9ABE-A6B997D93365.jpeg','Pasirwangi'),
(31,74,'5','OUTDOOR','Pemerintah','-','20 x 11','Baik','1640239230_60280A7C-088B-4E3A-9466-63DF1EB843FE.jpeg','Pasirwangi'),
(32,74,'5','OUTDOOR','Pemerintah','-','18 x 9','Baik','1640239276_A12AEB7A-BACE-46F5-A9EE-56D2FA57DFCA.jpeg','Pasirwangi'),
(33,74,'14','OUTDOOR','Masyarakat','Handoyo','20 x 10','Baik','1640239381_336DC25A-CBB6-4BE4-9E02-3B28F23B9259.jpeg','Jatiendah'),
(34,74,'15','OUTDOOR','Pemerintah','-','20 x 11','Baik','1640239430_AADFACA5-8E76-435D-A040-88164382FBFB.jpeg','Jatiendah'),
(35,74,'4','INDOOR','Masyarakat','Supriyadi','17 x 8','Baik','1640239498_1BB9BC05-A817-4814-9CDB-86EEA84FF1FD.jpeg','Sukamulya'),
(36,74,'5','INDOOR','Masyarakat','Sarwo','27 x 14','Baik','1640239564_8CA39106-9FF7-42A5-A132-4889470EA12E.jpeg','Ujung Berung'),
(37,75,'1','OUTDOOR','Pemerintah','-','80 x 40','Baik','1640240220_3B3B1734-88C5-451C-B731-0CE086A60EB3.jpeg','Ds Cipanjalu'),
(38,75,'4','OUTDOOR','Masyarakat','-','16,5 x 8','Baik','1640240293_F9BDBF2A-5475-438E-8F46-2E0246821926.jpeg','Ds Cipanjalu'),
(39,75,'5','OUTDOOR','Pemerintah','-','16,5 x 8','Baik','1640240347_F9BDBF2A-5475-438E-8F46-2E0246821926.jpeg','Ds. Cipanjalu'),
(40,75,'6','OUTDOOR','Pemerintah','-','7 x 4','Baik','1640240395_B9CDE7C6-CB07-4D82-8632-A4C0F7170E27.jpeg','Ds. Cipanjalu'),
(41,76,'5','OUTDOOR','Masyarakat','Rw 04','20 x 10','Baik','1640242527_20211206_100451(AM)___[map].jpg','Desa Cibiru Hilir'),
(42,76,'5','OUTDOOR','Masyarakat','Rw 06','20 x 10','Baik','1640242597_20211206_102717(AM)___[map].jpg','Ds. Cibiru Hilir'),
(43,76,'5','OUTDOOR','Pemerintah','Pasospasum','20 x 10','Baik','1640242843_20211206_104917(AM)___[map].jpg','Ds. Cibiru Hilir ( Rw 07, Rw 08, Rw 10, Rw 11, Rw 13, Rw 14)'),
(44,76,'1','OUTDOOR','Hak Guna Pakai','Rw 06','50 x 110','Baik','1640242934_20211206_111425(AM)___[map].jpg','Ds. Cibiru Hilir'),
(45,76,'4','INDOOR','Masyarakat','Rw 01','13,4 x 6,1','Baik','1640243017_20211206_101153(AM)___[map].jpg','Ds. Cibiru Hilir'),
(46,76,'4','INDOOR','Masyarakat','Rw 03','13,4 x 6,1','Baik','1640243071_20211206_101804(AM)___[map].jpg','Ds. Cibiru Hilir'),
(47,76,'4','INDOOR','Masyarakat','Rw 12','13,4 x 6,1','Baik','1640243166_20211206_092109(AM)___[map].jpg','Ds. Cibiru Hilir'),
(48,76,'4','OUTDOOR','Pasopasum','Rw 07, Rw 08, Rw 10, Rw 11, Rw 13, Rw 14','20 x 10','Baik','1640243303_20211206_104735(AM)___[map].jpg','Ds. Cibiru Hilir'),
(49,76,'6','OUTDOOR','Pasopasum','Rw 01 - Rw 17','20 x 10','Baik','1640243474_20211206_111827(AM)___[map].jpg','Ds. Cibiru Hilir'),
(54,77,'1','OUTDOOR','Hak Guna Pakai','PTPN','90 x 120','Buruk','1640357109_IMG_6623.JPG','DS. Banjarsari Kec.Pagalengan'),
(55,77,'4','INDOOR','Hak Guna Pakai','-','31 x 6.1','Cukup','1640357388_IMG_6627.JPG','Kec.Pangalengan Desa Kertasari'),
(56,77,'16','OUTDOOR','PASI','PASI','-','Cukup','1640357565_IMG_6611.JPG','Kec.Pengalengan Desa Kertasari'),
(57,77,'5','OUTDOOR','-','-','-','Cukup','1640357720_IMG_6612.JPG','Kec.Pengalengan Desa Kerta Sari'),
(58,78,'1','OUTDOOR','Hak Guna Pakai','Indonesia Power','-','Baik','1640360781_65a0dc06-0a59-4d8e-9430-47fa5d829d7a.jpg','Kec.Pangalengan Desa Lamajang'),
(60,78,'4','OUTDOOR','Hak Guna Pakai','BUMDES Lumajang','8 x 15','Buruk','1640361247_6f0b7ff6-99b9-4219-b680-4b27d2c7b270.jpg','Kec.Pengalengan Desa Lamajang'),
(61,79,'5','OUTDOOR','Pribadi','-','20 x 11','Baik','1640361368_20211207_103214(AM)___[map].jpg','Ds. Cibiru wetan'),
(62,78,'5','OUTDOOR','Hak Guna Pakai','RW','-','Baik','1640361402_ccec7e52-a735-4e5a-ab83-22030e255d7a.jpg','Kec.Pengalengan Desa Lamajang'),
(63,79,'5','OUTDOOR','Pribadi','-','21 x 10','Baik','1640361417_20211207_104725(AM)___[map].jpg','Ds. Cibiru Wetan'),
(64,79,'5','OUTDOOR','Pribadi','-','20 x 10','Cukup','1640361488_20211207_110314(AM)___[map].jpg','Ds. CIbiru Wetan'),
(65,78,'6','INDOOR','Hak Guna Pakai','Solihin Rustam','-','Baik','1640361500_6f4eab06-f495-46e1-b42d-65f3d5aec772.jpg','Kec.Pangalengan Desa Lamajan'),
(66,79,'5','OUTDOOR','Pribadi','-','20 x 10','Cukup','1640361545_20211207_110834(AM)___[map].jpg','Ds. Cibiru Wetan'),
(67,79,'5','OUTDOOR','Pribadi','-','25 x 12','Baik','1640361625_20211207_111210(AM)___[map].jpg','Ds. Cibiru Wetan'),
(68,79,'1','OUTDOOR','Pribadi','-','100 x 120','Cukup','1640361678_20211207_104923(AM)___[map].jpg','Ds. Cibiru Hilir'),
(69,79,'5','OUTDOOR','Pribadi','-','20 x 10','Cukup','1640361795_20211207_111728(AM)___[map].jpg','Ds. Cibiru Wetan'),
(70,79,'5','OUTDOOR','Pribadi','-','20 x 10','Buruk','1640361861_20211207_112728(AM)___[map].jpg','Ds. CIbiru Wetan'),
(71,79,'5','OUTDOOR','Pribadi','-','20 x 10','Baik','1640361883_20211207_111210(AM)___[map].jpg','Ds. Cibiru Hilir'),
(72,79,'5','OUTDOOR','Pribadi','-','20 x 10','Cukup','1640361936_20211207_113821(AM)___[map].jpg','Ds. Cibiru Wetan'),
(73,79,'5','OUTDOOR','Pribadi','-','20 x 10','Baik','1640361964_20211207_113454(AM)___[map].jpg','Ds. Cibiru Wetan'),
(74,79,'6','INDOOR','Pribadi','-','6 x 6','Baik','1640362102_20211207_112226(AM)___[map].jpg','Ds. Cibiru Hilir'),
(75,79,'6','INDOOR','Pribadi','-','7 x 7','Cukup','1640362155_20211207_113241(AM)___[map].jpg','Ds. Cibiru Wetan'),
(76,79,'5','OUTDOOR','Pribadi','-','20 x 10','Cukup','1640362220_20211207_115338(AM)___[map].jpg','Ds. Cibiru Wetan'),
(77,79,'4','OUTDOOR','Pribadi','-','13 x 7','Baik','1640362267_20211207_114326(AM)___[map].jpg','Ds. Cibiru Wetan'),
(78,79,'5','OUTDOOR','Komplek','-','20 x 12','Baik','1640366232_20211207_115338(AM)___[map].jpg','Ds Cibiru Wetan'),
(79,79,'14','OUTDOOR','Komplek','-','20 x 10','Baik','1640366274_20211207_115338(AM)___[map].jpg','Ds. Cibiru Wetan'),
(80,79,'17','INDOOR','Pribadi','-','-','Baik','1640366402_20211207_114904(AM)___[map].jpg','Ds. Cibiru Wetan'),
(81,79,'4','INDOOR','Pribadi','-','-','Baik','1640366507_20211207_115033(AM)___[map].jpg','Ds. Cibiru Wetan'),
(82,79,'18','INDOOR','Desa','-','14 x 7','Baik','1640366590_20211207_114957(AM)___[map].jpg','Ds. Cibiru Wetan'),
(83,79,'5','OUTDOOR','Desa','-','20 x 10','Cukup','1640366628_20211207_111728(AM)___[map].jpg','Ds. Cibiru Wetan'),
(84,79,'4','INDOOR','Pribadi','-','20 x 10','Baik','1640366685_20211207_115454(AM)___[map].jpg','Ds. Cibiru Wetan'),
(85,80,'5','OUTDOOR','Pribadi','-','18 x 9','Buruk','1640415389_20211118_095907(AM)___[map].jpg','Ds. Cilenyi Kulon'),
(86,80,'5','OUTDOOR','Pribadi','Rw 03','18 x 9','Cukup','1640415471_20211118_023050(PM)___[map].jpg','Ds. Cileunyi Kulon'),
(87,80,'5','OUTDOOR','Pribadi','Rw 05','18 x 9','Cukup','1640415543_20211118_023430(PM)___[map].jpg','Ds. Cileunyi Kulon'),
(88,80,'5','OUTDOOR','Pribadi','Rw 06','18 x 9','Cukup','1640415673_20211118_115027(AM)___[map].jpg','Ds. Cileunyi Kulon'),
(89,80,'5','OUTDOOR','Pribadi','Rw 07','18 x 9','Baik','1640415787_20211118_095907(AM)___[map].jpg','Ds. Cileunyi Kulon'),
(90,80,'5','OUTDOOR','Pribadi','Rw 15','18 x 9','Cukup','1640415873_20211118_120900(PM)___[map].jpg','Ds. Cileunyi Kulon'),
(91,80,'5','OUTDOOR','Pribadi','Rw 16','18 x 9','Cukup','1640415921_20211118_115354(AM)___[map].jpg','Ds. Cileunyi Kulon'),
(92,80,'5','OUTDOOR','Pribadi','Rw 21','18 x 9','Cukup','1640415951_20211118_120454(PM)___[map].jpg','Ds. Cileunyi Kulon'),
(93,80,'5','INDOOR','Pribadi','Rw 22','18 x 9','Cukup','1640415986_20211118_124249(PM)___[map].jpg','Ds. Cileunyi Kulon'),
(94,80,'5','OUTDOOR','Pribadi','Rw 23','18 x 9','Cukup','1640416038_20211118_023430(PM)___[map].jpg','Ds. CIleunyi Kulon'),
(95,80,'5','OUTDOOR','Pribadi','Rw 26','18 x 9','Baik','1640416084_20211118_123714(PM)___[map].jpg','Ds. Cileunyi Kulon'),
(96,80,'5','OUTDOOR','Pribadi','Rw 26','18 x 9','Buruk','1640416110_20211118_024338(PM)___[map].jpg','Ds. Cileunyi Kulon'),
(97,80,'14','INDOOR','Pribadi','Rw 11','25 x 16','Baik','1640416212_20211118_030818(PM)___[map].jpg','Ds. Cileunyi Kulon'),
(98,80,'1','OUTDOOR','Fasum','Rw 22','90 x 45','Baik','1640416260_20211118_021805(PM)___[map].jpg','Ds. Cileunyi Kulon'),
(99,80,'4','INDOOR','Pribadi','Rw 01','13 x 6','Cukup','1640416333_20211118_114438(AM)___[map].jpg','Ds. CIleunyi Kulon'),
(100,80,'4','INDOOR','Pribadi','Rw 02','13,4 x 6,1','Baik','1640416388_20211118_021254(PM)___[map].jpg','Ds. CIleunyi Kulon'),
(101,80,'4','INDOOR','Pribadi','Rw 06','13,4 x 6,1','Baik','1640416446_20211118_124811(PM)___[map].jpg','Ds. Cileunyi Kulon'),
(102,80,'4','INDOOR','Desa','Rw 08','13,4 x 6,1','Cukup','1640416495_20211118_114438(AM)___[map].jpg','Ds. Cileunyi Kulon'),
(103,80,'4','INDOOR','Pribadi','Rw 15','13,4 x 6,1','Baik','1640416550_20211118_114438(AM)___[map].jpg','Ds. Cileunyi Kulon'),
(104,80,'4','INDOOR','Perusahaan','Rw 25','13,4 x 6,1','Baik','1640416590_20211118_122151(PM)___[map].jpg','Ds. Cileunyi Kulon'),
(105,80,'4','OUTDOOR','Pribadi','Rw 02','13 x 6','Cukup','1640416800_20211118_120900(PM)___[map] (1).jpg','Ds. CIleunyi Kulon'),
(106,80,'4','OUTDOOR','Pribadi','Rw 03','13 x 6','Cukup','1640416842_20211118_023430(PM)___[map] (1).jpg','Ds. CIleunyi Kulon'),
(107,80,'6','OUTDOOR','Warga','Rw 05. Rw 08, Rw 11','6 x 6','Cukup','1640416926_20211118_102847(AM)___[map].jpg','Ds. Cileunyi Kulon'),
(108,80,'6','OUTDOOR','Warga','Rw 12, Rw 21','6 x 6','Baik','1640416995_20211118_010006(PM)___[map].jpg','Ds. CIleunyi Kulon'),
(109,80,'6','OUTDOOR','Warga','Rw 21, Rw 25, Rw 26','6 x 6','Cukup','1640417034_20211118_023439(PM)___[map].jpg','Ds. CIleunyi Kulon'),
(110,80,'17','OUTDOOR','Pribadi','Rw 11','-','Baik','1640417073_20211118_031037(PM)___[map].jpg','Ds. CIleunyi Kulon'),
(111,81,'1','OUTDOOR',NULL,'Perkebunan dan PLN','900M','Baik','1640417689_IMG_6564.JPG','JL. Pasir Malang Kec.Prngalengan'),
(112,81,'6','OUTDOOR','Hak Guna Pakai','Kades','-','Cukup','1640417986_bfa28ecd-4ebe-45ca-9a83-50be3624dbec.jpg','Desa Margaluyu Kec. Pangalengan'),
(113,81,'5','OUTDOOR','Hak Guna Pakai','Para Club Bola Voly','200','Cukup','1640418288_IMG_6560.JPG','Jl.Pasir Malang Pangalengan'),
(114,81,'4','INDOOR','Hak Guna Pakai','PTPN VIII Pasir Malang','400','Baik','1640418566_IMG_6546.JPG','JL.Kampung Baru Kec.Pangalengan'),
(115,83,'5','OUTDOOR','Pribadi','Rw 03, Rw 04, Rw 06','18 x 9','Cukup','1640420055_20211122_093101(AM)___[map].jpg','Ds. Cileunyi Wetan'),
(116,83,'5','OUTDOOR','Pribadi','Rw 11, Rw 12, Rw 20','18 x 9','Cukup','1640420146_20211122_101528(AM)___[map].jpg','Ds. Cileunyi Wetan'),
(117,83,'5','OUTDOOR','Pribadi','Rw 02, Rw 05, Rw 07, Rw 08','18 x 9','Baik','1640420328_20211122_100946(AM)___[map].jpg','Ds. Cileunyi Wetan'),
(118,83,'5','OUTDOOR','Pribadi','Rw 09, Rw 10, Rw 11, Rw 12','18 x 9','Baik','1640420391_20211122_102751(AM)___[map].jpg','Ds. Cileunyi Kulon'),
(119,83,'5','OUTDOOR','Pribadi','Rw 14, Rw 14, Rw 15, Rw 19','18 x 9','Baik','1640420464_20211122_102003(AM)___[map].jpg','Ds. Cileunyi Wetan'),
(120,83,'5','OUTDOOR','Pribadi','Rw 20, Rw 21, rW 23','18 x 9','Baik','1640420522_20211122_092459(AM)___[map].jpg','Ds. Cileunyi Wetan'),
(121,83,'1','INDOOR','Pribadi','Rw 13','18 x 9','Baik','1640420566_20211122_094329(AM)___[map].jpg','Ds. Cileunyi Wertan'),
(122,84,'1','OUTDOOR','Hak Guna Pakai','Perkebunan dan PLN','900','Baik','1640420625_IMG_6564.JPG','JL.Pasir Malang  Kec. Pangalengan'),
(123,83,'14','OUTDOOR','Pribadi','Rw 15, Rw 22','14 x 7','Baik','1640420668_20211122_093754(AM)___[map].jpg','Ds. CIleunyi Wetan'),
(124,84,'6','INDOOR','Hak Guna Pakai','Kades','-','Cukup','1640420732_bfa28ecd-4ebe-45ca-9a83-50be3624dbec.jpg','Desa Margaluyu Kec.Pangalengan'),
(125,83,'4','INDOOR','Desa','Rw 08','7 x 4','Baik','1640420802_20211122_095247(AM)___[map].jpg','Ds. Cileunyi Wetan'),
(126,83,'4','INDOOR','Pribadi','Rw 13','7 x 4','Baik','1640420847_20211122_095553(AM)___[map].jpg','Ds. Cileunyi Wetan'),
(127,83,'17','INDOOR','Pribadi','Rw 20','20 x 10','Baik','1640420913_20211122_082719(AM)___[map].jpg','Ds. Cileunyi Wetan'),
(128,84,'5','OUTDOOR','Hak Guna Pakai','Para Club Bola Voly','200','Cukup','1640420934_IMG_6560.JPG','JL. Pasir Malang Desa Margaluyu Kec.Pangalengan'),
(129,84,'3','OUTDOOR','Hak Guna Pakai','PTPN VIII Pasir Malang','400','Baik','1640421075_IMG_6549.JPG','Jl.Kampung Baru Desa Marga Luyu Kec. Pangalegan'),
(130,83,'6','INDOOR','Pribadi','Rw 01, Rw 02, Rw 03, Rw 04, Rw 05, Rw 06','6 x 6','Baik','1640421090_20211122_084406(AM)___[map].jpg','Ds. Cileunyi Wetan'),
(131,83,'6','INDOOR','Pribadi','Rw 07, Rw 08, Rw 09, Rw 10, Rw 11, Rw 12','6 x 6','Baik','1640421118_20211122_092005(AM)___[map].jpg','Ds. CIleunyi Wetan'),
(132,83,'6','INDOOR','Pribadi','Rw 12, Rw 13, Rw 14, Rw 15, Rw 16, Rw 17, Rw 18','7 x 4','Baik','1640421250_20211122_084406(AM)___[map].jpg','Ds. Cileunyi Wetan'),
(133,84,'4','INDOOR','Hak Guna Pakai','Desa MargaLuyu','240','Baik','1640421267_IMG_6546.JPG','Jl.Kampung Baru Pangalengan Desa Margaluyu Kec.Pangalengan'),
(134,83,'6','INDOOR','Pribadi','RW 19, Rw 20, Rw 21, Rw 22, Rw 23','6 x 6','Baik','1640421283_20211122_092005(AM)___[map].jpg','Ds. Cileunyi Wetan'),
(135,85,'1','OUTDOOR','Hak Guna Pakai','Milik Umum','-','Baik','1640422859_IMG_6953.JPG','Desa Margamekar Kec.Pangalengan'),
(136,85,'5','OUTDOOR','Hak Guna Pakai','Milik Umum','-','Cukup','1640423096_IMG_6642.JPG','Desa Margamekar Kec.Pengalengan'),
(137,85,'14','INDOOR','Desa','Desa','36x18','Baik','1640423973_IMG_6956.JPG','Desa Margamekar Kec.Pangalengan'),
(138,85,'4','INDOOR','Hak Guna Pakai','Desa dan Pribadi','36x18','Baik','1640424170_IMG_6957.JPG','Desa Margamekar Kec.Pengalengan'),
(139,85,'5','INDOOR','Hak Guna Pakai','Desa','36x18','Baik','1640424251_IMG_6957.JPG','Desa Margamekar Kec.Pengalengan'),
(140,86,'1','OUTDOOR','Hak Guna Pakai','Desa','400','Baik','1640426179_IMG_6643.JPG','Desa Margamukti Kec. Pangalengan'),
(141,86,'4','INDOOR','Hak Guna Pakai','Desa','120','Baik','1640426351_IMG_6958.JPG','Desa Margamukti Kec. Pangalengan'),
(142,86,'6','OUTDOOR','Hak Guna Pakai','Desa','-','Baik','1640426606_IMG_6644.JPG','Desa Margamukti Kec. Pangalengan'),
(143,87,'1','OUTDOOR','Pinjam','B Putra','1000','Cukup','1640426683_20211122_124053(PM)___[map].jpg','Ds Cimekar'),
(144,86,'5','OUTDOOR','Hak Guna Pakai','Desa','180','Baik','1640426685_IMG_6644.JPG','Desa Margamukti Kec. Pangalengan'),
(145,87,'4','OUTDOOR','Pribadi','H Haris','5 x 13','Baik','1640426744_20211122_013703(PM)___[map].jpg','Ds Cimekar'),
(146,87,'6','OUTDOOR','Pribadi','Engkus','2 x 4','Baik','1640426839_20211122_014458(PM)___[map].jpg','Ds Cimekar'),
(147,87,'5','OUTDOOR','Pasum','Komplek','6 x 12','Baik','1640426910_20211122_010853(PM)___[map].jpg','Ds Cimekar'),
(148,87,'14','INDOOR','Pribadi','Komplek','25 x 42','Baik','1640426976_20211122_010230(PM)___[map].jpg','Ds Cimekar'),
(149,87,'14','INDOOR','Pribadi','Manglayang','25 x 42','Baik','1640427032_20211122_123420(PM)___[map].jpg','Ds Cimekar'),
(150,87,'4','INDOOR','Pribadi','H Haris','5 x 13','Baik','1640427266_20211122_010242(PM)___[map].jpg','Ds Cimekar'),
(151,87,'5','INDOOR','Pribadi','Arofah','6 x 12','Baik','1640427356_20211122_123057(PM)___[map].jpg','Ds Cimekar'),
(152,89,'1','OUTDOOR','Hak Guna Pakai','Desa','400','Baik','1640428838_IMG_6643.JPG','Desa Margamukti Kec. Pangalengan'),
(153,89,'4','INDOOR','Hak Guna Pakai','Desa','160','Baik','1640428958_IMG_6958.JPG','Desa Margamukti Kec. Pangalengan'),
(154,89,'6','OUTDOOR','Hak Guna Pakai','Desa','-','Baik','1640429019_IMG_6644.JPG','Desa Margamukti Kec. Pangalengan'),
(155,89,'5','OUTDOOR','Hak Guna Pakai','Desa','180','Baik','1640429083_IMG_6644.JPG','Desa Margamukti Kec. Pangalengan'),
(156,91,'1','OUTDOOR','Desa','-','125 X 75','Baik','1640439922_20211124_30102PMByGPSMapCamera.jpg','Kp. Mekar Lakssana'),
(157,91,'4','OUTDOOR','Desa','-','-','Baik','-','Kp Mekar laksana'),
(158,91,'5','OUTDOOR','Desa','-','140','Baik','1640440423_20211124_32454PMByGPSMapCamera.jpg','Kp. Mekar Laksana'),
(159,91,'4','INDOOR','Desa','-','560','Baik','1640440492_20211124_33249PMByGPSMapCamera.jpg','Kp. Mekarlaksana'),
(160,92,'1','OUTDOOR','Desa','-','800','Baik','1640442199_20211125_111738AMByGPSMapCamera.jpg','Desa Bojong'),
(161,92,'5','OUTDOOR','Klub','Tedi','162','Baik','1640442338_20211125_112632AMByGPSMapCamera.jpg','RW.02, RW.04, RW.06, RW.07, RW.08'),
(162,92,'14','INDOOR','Perorangan','Hj. Nuraeni','35 X 28','Baik','1640442495_20211125_10800PMByGPSMapCamera.jpg','-'),
(163,93,'1','OUTDOOR','Desa','Desa','','Baik','-','-'),
(164,93,'5','OUTDOOR','RW','RW.01, RW.02, RW.04, RW.05, RW.09, RW.10, RW.11','162','Baik','1640444732_20211208_91131AMByGPSMapCamera.jpg','-'),
(165,93,'14','INDOOR','Perorangan','Hj. Sopian','42 X 25','Baik','-','-'),
(166,93,'4','INDOOR','Desa','Desa','13.4 X 6.10','Baik','1640444870_20211208_90308AMByGPSMapCamera.jpg','-'),
(167,94,'5','OUTDOOR','Jalan','RW.12, PT. KAI, RW.11, Peorangan','162','Baik','1640445464_20211208_103606AMByGPSMapCamera.jpg','-'),
(168,94,'4','INDOOR','Desa','Desa','13.4 X 6.10','Baik','1640445574_20211208_103003AMByGPSMapCamera.jpg',NULL),
(169,95,'1','OUTDOOR','Hak Guna Pakai','Desa','500','Baik','1640446324_IMG_6968.JPG','Desa Margamulya Kec. Pangalengan'),
(170,95,'6','OUTDOOR','Hak Guna Pakai','RW','-','Baik','1640446499_IMG_6967.JPG','Desa Margamulya Kec. Pangalengan'),
(171,96,'5','OUTDOOR','RW.05, RW.16, RW.14, RW.01, RW.13','RW','162','Baik','1640446551_20211125_95647AMByGPSMapCamera.jpg','-'),
(172,95,'5','OUTDOOR','Hak Guna Pakai','RW','-','Baik','1640446648_IMG_6967.JPG','Kp. Padasari Desa Margamukti Kec. Pangalengan'),
(173,95,'14','INDOOR','Pribadi','Apri','-','Baik','1640446864_IMG_6965.JPG','Kp.Margamulya  RW.15 Desa Margamulya Kec. Pangalengan'),
(174,95,'4','INDOOR','Desa','Desa','-','Baik','1640446978_IMG_6965.JPG','Desa Margamulya Kec. Pangalengan'),
(175,96,'14','OUTDOOR','RW.14','-','42 X 25','Baik','1640447271_20211125_94845AMByGPSMapCamera.jpg','-'),
(176,96,'4','INDOOR','Desa','-','13.4 X 6.10','Baik','1640447316_20211125_93553AMByGPSMapCamera.jpg','-'),
(177,97,'1','OUTDOOR','Hak Guna Pakai','Milik Umum','2440','Buruk','-','Desa Pengalengan Kec. Pangalengan'),
(178,97,'4','OUTDOOR','Hak Guna Pakai','-','-','Baik','1640449063_IMG_6604.JPG','Desa Pangalengan Kec. Pangalengan'),
(179,97,'3','OUTDOOR','Hak Guna Pakai','PTPN VIII','1200','Baik','1640449191_IMG_6598.JPG','Desa Pangalengan Kec.Pengalengan'),
(180,97,'14','INDOOR','Pribadi','H.Dede','3900','Baik','1640449262_IMG_6601.JPG','Desa Pangalengan Kec.Pengalengan'),
(181,97,'4','INDOOR','Pribadi','H.Agus ,Tedi, H.Ica','200','Baik','1640449506_IMG_6599.JPG','Desa Pangalengan Kec.Pengalengan'),
(182,97,'5','INDOOR','Pribadi','H. Ela','-','Baik','-','Desa Pangalengan Kec.Pengalengan'),
(183,98,'1','OUTDOOR','Hak Guna Pakai','Indonesia Power','-','Baik','1640450586_6acd00c0-908d-4399-b584-e5972a39930d.jpg','Desa Lamajanag Kec. Pangalengan'),
(184,98,'4','OUTDOOR','Hak Guna Pakai','Desa','8x15','Baik','1640450669_6f0b7ff6-99b9-4219-b680-4b27d2c7b270.jpg','Desa  Lamajang Kec.Pangalengan'),
(185,98,'6','INDOOR','Hak Guna Pakai','Solihin Rustam','-','Baik','1640450752_6f4eab06-f495-46e1-b42d-65f3d5aec772.jpg','Desa  Lamajang Kec.Pangalengan'),
(186,98,'5','OUTDOOR','Hak Guna Pakai','RW','-','Baik','1640450803_ccec7e52-a735-4e5a-ab83-22030e255d7a.jpg','Desa  Lamajang Kec.Pangalengan'),
(187,99,'1','OUTDOOR','Hak Guna Pakai','Desa','-','Baik','1640452724_IMG_6635.JPG','Desa Pulosari Kec.Pengalengan'),
(188,99,'4','INDOOR','Pribadi','Dadang','67','Baik','1640452908_IMG_6637.JPG','Desa Pulosari Kec.Pengalengan'),
(189,99,'4','OUTDOOR','-','-','-','Baik','1640452967_IMG_6636.JPG','Desa Pulosari Kec.Pengalengan'),
(190,99,'5','OUTDOOR','Hak Guna Pakai','Desa','-','Baik','1640453032_IMG_6634.JPG','Desa Pulosari Kec.Pengalengan'),
(191,100,'5','OUTDOOR','Perorangan','-','162','Baik','1640453092_20211125_95647AMByGPSMapCamera.jpg','-'),
(192,100,'4','INDOOR','Desa','-','13.4 X 6.10','Baik','1640453134_20211125_93553AMByGPSMapCamera.jpg','-'),
(193,101,'1','OUTDOOR','Desa','Desa','100 X 75','Baik','1640453773_20211125_21745PMByGPSMapCamera.jpg','-'),
(194,101,'5','OUTDOOR','Desa','Desa','162','Baik','1640453846_20211125_21812PMByGPSMapCamera.jpg','-'),
(195,101,'4','INDOOR','Desa','Desa','13.4 X 6.10','Baik','1640453888_20211125_21732PMByGPSMapCamera.jpg','-'),
(196,102,'1','OUTDOOR','Hak Guna Pakai','PT. Tataranak','110x60','Baik','1640453902_IMG_6524.JPG','Desa Suka luyu Kec.Pangalengan'),
(197,102,'6','INDOOR','Desa','Desa','-','Baik','1640453964_IMG_6479.JPG','Desa pulosari Kec.Pangalengan'),
(198,102,'5','OUTDOOR','Hak Guna Pakai','RW','-','Baik','1640454027_IMG_6523.JPG','Desa pulosari Kec.Pangalengan'),
(199,102,'4','INDOOR','Hak Guna Pakai','Desa','-','Baik','1640454073_IMG_6480.JPG','Desa pulosari Kec.Pangalengan'),
(200,103,'5','OUTDOOR','Desa','Desa','162','Baik','1640454811_20211209_110906AMByGPSMapCamera.jpg','-'),
(201,103,'1','OUTDOOR','Desa','Desa','60 X 40','Baik','1640454870_20211209_110910AMByGPSMapCamera.jpg','-'),
(202,103,'4','INDOOR','Pribadi','Hj. Elas','13.4 X 6.10','Baik','-','-'),
(203,104,'1','OUTDOOR','Hak Guna Pakai','Secata','-','Baik','1640455058_4e7f0f08-692e-484b-9ded-72d01e19c36b.jpg','Desa Sukamanah Kec.Pangalengan'),
(204,104,'5','OUTDOOR','Hak Guna Pakai','Wadaya','-','Baik','1640455208_818ede13-ca14-43a6-8f75-18ee01dabbbd.jpg','Desa Sukamanah Kec.Pangalengan'),
(205,104,'4','INDOOR','-','-','-','Baik','1640455304_7b6fcf4b-2f28-43e9-b3af-e31534f0eabb.jpg','Desa Sukamanah Kec.Pangalengan'),
(206,104,'4','INDOOR','-','-','-','Baik','1640455327_9f4e8291-70f1-41f3-9d56-99742a4f502c.jpg','Desa Sukamanah Kec.Pangalengan'),
(207,104,'4','INDOOR','-','-','-','Baik','1640455371_eb3d2a61-c628-45e5-bd70-69be928e066c.jpg','Desa Sukamanah Kec.Pangalengan'),
(208,104,'4','INDOOR','-','-','-','Baik','1640455403_fc55b2f0-7c44-485d-9cfc-e4539acae231.jpg','Desa Sukamanah Kec.Pangalengan'),
(209,104,'6','INDOOR','Desa','Desa','-','Baik','1640455439_c98598ef-302c-4b0a-aeb3-e55db750306d.jpg','Desa Sukamanah Kec.Pangalengan'),
(210,105,'5','OUTDOOR','Pribadi','Pribadi','18 X 9','Baik','1640455597_IMG_3921.JPG','-'),
(211,105,'5','OUTDOOR','Pribadi','Pribadi','18 X 9','Baik','1640455722_IMG_3919.JPG','-'),
(212,105,'5','OUTDOOR','Pribadi','Pribadi','18 X 9','Baik','1640455762_IMG_3922.JPG',NULL),
(213,105,'5','OUTDOOR','Pribadi','Pribadi','18 X 9','Baik','1640455787_IMG_3924.JPG','-'),
(214,105,'5','OUTDOOR','Pribadi','Pribadi','18 X 9','Baik','1640455814_IMG_3926.JPG','-'),
(215,105,'5','OUTDOOR','Pribadi','Pribadi','18 X 9','Baik','1640455842_IMG_3927.JPG','-'),
(216,105,'5','OUTDOOR','Pribadi','Pribadi','18 X 9','Baik','1640455884_IMG_3929.JPG','-'),
(217,105,'5','OUTDOOR','Pribadi','Pribadi','18 X 9','Baik','1640455910_IMG_3932.JPG','-'),
(218,105,'5','OUTDOOR','Pribadi','Pribadi','18 X 9','Baik','1640455937_IMG_3934.JPG','-'),
(219,105,'5','OUTDOOR','Pribadi','Pribadi','18 X 9','Baik','1640455960_IMG_3935.JPG','-'),
(220,106,'1','OUTDOOR','Hak Guna Pakai','Desa','6600','Baik','1640456549_2e75b5d2-b490-4896-81c1-104d8a209c8c.jpg','Desa Trimulya Kec. Pengalengan'),
(221,106,'6','OUTDOOR','Hak Guna Pakai','Desa','-','Baik','1640456609_3a656e14-0a37-4400-b15e-b176f29a9346.jpg','Desa Trimulya Kec. Pengalengan'),
(222,106,'5','OUTDOOR','Hak Guna Pakai','Desa','162','Baik','1640456666_2f65e1b2-f254-4965-85c2-90ee66870fa7.jpg','Desa Trimulya Kec. Pengalengan'),
(223,106,'4','INDOOR','Hak Guna Pakai','Desa','-','Baik','-','Desa Trimulya Kec. Pengalengan'),
(224,107,'1','OUTDOOR','Pribadi','-','100 X 94','Baik','1640457204_IMG_3993.JPG','-'),
(225,108,'1','OUTDOOR','Hak Guna Pakai','PTPN','-','Baik','1640457522_IMG_6574.JPG','Desa Wanasari Kec. Pangalengan'),
(226,108,'6','OUTDOOR','Hak Guna Pakai','-','-','Baik','1640457579_IMG_6575.JPG','Desa Wanasari Kec. Pangalengan'),
(227,108,'4','INDOOR','Desa','Desa','-','Baik','1640457614_IMG_6573.JPG','Desa Wanasari Kec. Pangalengan'),
(228,108,'5','INDOOR','Hak Guna Pakai','BTPN','-','Buruk','1640457707_IMG_6597.JPG','Desa Wanasari Kec. Pangalengan'),
(229,108,'14','OUTDOOR','Pribadi','H.Budi','-','Baik','-','Desa Wanasari Kec. Pangalengan'),
(230,110,'1','INDOOR','Hak Guna Pakai','PTPN VIII','450','Baik','1640458429_IMG_6613.JPG','Desa Wanasuka Kec.Pangalengan'),
(231,110,'5','INDOOR','Hak Guna Pakai','Desa','312','Baik','1640458529_IMG_6622.JPG','Desa Wanasuka Kec.Pangalengan'),
(232,110,'4','INDOOR','Desa','Desa','200','Baik','1640458624_IMG_6617.JPG','Desa Wanasuka Kec.Pangalengan'),
(233,110,'5','OUTDOOR','Desa','Desa','321','Baik','1640458683_IMG_6614.JPG','Desa Wanasuka Kec.Pangalengan'),
(234,110,'2','OUTDOOR','-','-','-','Baik','1640458732_IMG_6615.JPG','Desa Wanasuka Kec.Pangalengan'),
(235,109,'4','OUTDOOR','Klub','-','13.5 X 6','Baik','1640460278_IMG_3960.JPG',NULL),
(236,109,'5','OUTDOOR','Pribadi','-','18 X 9','Baik','1640460416_IMG_3964.JPG','-'),
(237,109,'14','INDOOR','Pribadi','-','25 X 15','Baik','1640460520_IMG_3958.JPG','-'),
(238,109,'4','INDOOR','Desa','Desa','13.5 X 6','Baik','1640460622_IMG_3959.JPG','-'),
(239,111,'4','OUTDOOR','Desa','-','27 X 15','Baik','-','-'),
(240,111,'6','OUTDOOR','Desa','-','18 X 9','Baik','1640461283_IMG_3984.JPG','-'),
(241,111,'4','INDOOR','Desa','-','13.5 X 6','Baik','1640461316_IMG_3987.JPG','-'),
(242,112,'6','OUTDOOR','Desa','-','2.7 X 1.5','Baik','1640461852_IMG_3953.JPG','-'),
(243,112,'5','OUTDOOR','RW','-','15 X 9','Baik','1640461906_IMG_3955.JPG','-'),
(244,112,'5','OUTDOOR','RW','-','15 X 9','Baik','1640461950_IMG_3954.JPG','-'),
(245,112,'14','INDOOR','Rw','-','25 X 15','Baik','1640461999_IMG_3952.JPG','-'),
(246,112,'4','INDOOR','Desa','-','13.5 X 6','Baik','1640462057_IMG_3956.JPG','-'),
(247,113,'1','OUTDOOR','Pribadi','-','75 X 50','Baik','1640462587_IMG_3950.JPG','-'),
(248,113,'5','OUTDOOR','Pribadi','-','9 X 18','Baik','1640462614_IMG_3949.JPG','-'),
(249,114,'1','OUTDOOR','Pribadi','-','100 X 64','Baik','1640463026_IMG_3943.JPG','-'),
(250,114,'1','OUTDOOR','Pribadi','-','100 X 64','Baik','1640463059_IMG_3944.JPG','-'),
(251,114,'5','OUTDOOR','RW','-','18 X 9','Baik','1640463095_IMG_3936.JPG','-'),
(252,114,'5','OUTDOOR','Pribadi','-','18 X 9','Baik','1640463120_IMG_3937.JPG','-'),
(253,114,'5','INDOOR','Pribadi','-','18 X 9','Baik','1640463158_IMG_3938.JPG','-'),
(254,114,'5','OUTDOOR','Pribadi','-','18 X 9','Baik','1640463181_IMG_3939.JPG','-'),
(255,114,'5','OUTDOOR','Pribadi','-','18 X 9','Baik','1640463204_IMG_3940.JPG','-'),
(256,114,'5','OUTDOOR','Pribadi','-','18 X 9','Baik','1640463224_IMG_3941.JPG','-'),
(257,114,'5','OUTDOOR','Pribadi','-','18 X 9','Baik','1640463243_IMG_3942.JPG','-'),
(258,114,'5','OUTDOOR','Pribadi','-','18 X 9','Baik','1640463292_IMG_3945.JPG','-'),
(259,114,'5','OUTDOOR','Pribadi','-','18 X 9','Baik','1640463326_IMG_3946.JPG','-'),
(260,114,'5','OUTDOOR','Pribadi','-','18 X 9','Baik','1640463398_IMG_3947.JPG','-'),
(261,115,'1','OUTDOOR','PT. KADILA','PT. KADILA','100 X 64','Baik','1640464305_IMG_3974.JPG','-'),
(262,115,'6','OUTDOOR','Desa','-','2.7 X 1.5','Baik','1640464361_IMG_3971.JPG','-'),
(263,115,'6','OUTDOOR','Desa','-','2.7 X 1.5','Baik','1640464400_IMG_3972.JPG','-'),
(264,115,'5','OUTDOOR','Pribadi','-','18 X 9','Baik','1640464450_IMG_3975.JPG','-'),
(265,115,'5','OUTDOOR','Pribadi','-','18 X 9','Baik','1640464478_IMG_3976.JPG','-'),
(266,115,'5','OUTDOOR','Pribadi','-','18 X 9','Baik','1640464504_IMG_3977.JPG','-'),
(267,115,'5','OUTDOOR','Pribadi','-','18 X 9','Baik','1640464528_IMG_3978.JPG','-'),
(268,115,'5','OUTDOOR','Pribadi','-','18 X 9','Baik','1640464551_IMG_3979.JPG','-'),
(269,115,'5','OUTDOOR','Pribadi','-','18 X 9','Baik','1640464584_IMG_3980.JPG','-'),
(270,115,'4','INDOOR','Desa','-','13.5 X 6','Baik','1640464612_IMG_3973.JPG','-'),
(271,116,'6','OUTDOOR','Desa','-','2.7 X 1.5','Baik','1640465223_IMG_3988.JPG','-'),
(272,116,'6','OUTDOOR','Desa','-','2.7 X 1.5','Baik','1640465260_IMG_3991.JPG','-'),
(273,116,'6','OUTDOOR','Desa','-','2.7 X 1.5','Baik','1640465285_IMG_3992.JPG','-'),
(274,116,'5','OUTDOOR','Pribadi','-','18 X 9','Baik','1640465317_IMG_3989.JPG','-'),
(275,116,'5','OUTDOOR','Pribadi','-','18 X 9','Baik','1640465341_IMG_3990.JPG','-'),
(276,117,'1','OUTDOOR','PTPN VIII','-','1000','Baik','1640492456_20211207_124752(PM)___[map].jpg','-'),
(277,117,'5','OUTDOOR','PTPN VIII','-','300','Baik','1640492610_20211207_015059(PM)___[map].jpg','-'),
(278,117,'18','INDOOR','Pribadi','-','450','Baik','1640492658_20211207_015828(PM)___[map].jpg','-'),
(279,117,'18','INDOOR','Pribadi','-','450','Baik','1640492691_20211207_015828(PM)___[map].jpg','-'),
(280,118,'1','OUTDOOR','HGP','PTPN VIII','-','Baik','1640493916_IMG_20211209_134304.jpg','-'),
(281,118,'4','OUTDOOR','Desa','Desa Neglasari','-','Baik','1640494320_IMG_20211209_145113.jpg','-'),
(282,118,'6','OUTDOOR','Desa','Desa Neglasari','-','Baik','-','-'),
(283,118,'5','OUTDOOR','Desa','Desa Neglasari','-','Baik','1640494439_IMG_20211209_134353.jpg',NULL),
(284,118,'3','OUTDOOR','HGP','PTPN VIII','-','Baik','-','-'),
(285,118,'4','INDOOR','Desa','Desa Neglasari','-','Baik','-','-'),
(286,119,'6','OUTDOOR','-','Rt 03/01, 1/3, 5/3, 3/11, 5/11','-','Baik','1640494768_20211206_033713(PM)___[map].jpg','Ds. Cinunuk'),
(287,119,'6','OUTDOOR','-','Rt 05/04, 5/17','-','Baik','1640494863_20211206_012658(PM)___[map].jpg','Ds Cinunuk'),
(288,119,'6','OUTDOOR','-','Rt 07/05, 05/16','-','Baik','1640494905_20211206_013557(PM)___[map].jpg','Ds Cinunuk'),
(290,119,'6','OUTDOOR','-','Rt 02/07','-','Baik','1640495038_20211206_033713(PM)___[map].jpg','Ds Cinunuk'),
(291,119,'6','INDOOR','-','Rt 05/15, 6/24, 10/24','-','Baik','1640495121_20211206_032950(PM)___[map].jpg','Ds Cinunuk'),
(292,119,'5','OUTDOOR','-','Rt 01/01, 03/03','-','Baik','1640495304_20211206_044032(PM)___[map].jpg','Ds Cinunuk'),
(293,119,'5','OUTDOOR','-','Rt 04/06, 01/12, 4/13','-','Baik','1640495350_20211206_044032(PM)___[map].jpg','Ds Cinunuk'),
(294,119,'5','OUTDOOR','-','Rt 04/05, 05/16, .../12, 2/25','-','Baik','1640495417_20211206_035041(PM)___[map].jpg','Ds Cinunuk'),
(295,119,'5','OUTDOOR','-','Rt 04/09, 06/07, 04/28','-','Baik','1640495500_20211206_025657(PM)___[map].jpg','Ds Cinunuk'),
(296,119,'5','OUTDOOR','-','Rt 10/15, 4 - 10/20, 3 - 5/ 24, 2/27','-','Baik','1640495563_20211206_024338(PM)___[map].jpg','Ds Cinunuk'),
(297,120,'1','INDOOR','Desa','Pemerintah Desa','1000','Baik','1640495613_20211207_034551(PM)___[map].jpg','-'),
(298,119,'5','OUTDOOR','-','Rt 02/19, 03/26, 03/29','-','Baik','1640495628_20211206_022616(PM)___[map].jpg','Ds Cinunuk'),
(299,120,'6','INDOOR','Inventaris RW','Aset Pemdes','-','Baik','-','-'),
(300,120,'5','OUTDOOR','Desa','Pemerintah Desa','300','Baik','1640495693_IMG-20211201-WA0010-678x381.jpg','-'),
(301,120,'4','INDOOR','Pribadi','H. Mimid','450','Baik','1640495728_IMG-20211201-WA0009.jpg','-'),
(302,119,'14','OUTDOOR','-','Rt 02/11','-','Baik','1640495830_20211206_020810(PM)___[map].jpg','Ds Cinunuk'),
(303,119,'14','INDOOR','-','Purbaya Rt 07/12','-','Baik','1640495867_20211206_013752(PM)___[map].jpg','Ds Cinunuk'),
(304,119,'14','OUTDOOR','-','Rt 11/24','-','Baik','1640495905_20211206_034629(PM)___[map].jpg','Ds Cinunuk'),
(305,119,'14','INDOOR','-','Rt 04/14 Erlangga','-','Baik','1640495950_20211206_042029(PM)___[map].jpg','Ds Cinunuk'),
(306,119,'14','INDOOR','-','Rt 07/14 Triditi','-','Baik','1640495989_20211206_042239(PM)___[map].jpg','Ds Cinunuk'),
(307,121,'1','OUTDOOR','PTPN VIII','PTPN VIII','110','Baik','1640496878_20211209_124651(PM)___[map].jpg','-'),
(308,121,'6','OUTDOOR','Desa','Pemdes','-','Baik','-','-'),
(309,121,'5','OUTDOOR','Desa','Pemdes','-','Baik','1640497144_20211209_122751(PM)___[map].jpg','-'),
(310,121,'4','INDOOR','Desa','Pemdes','-','Baik','1640497196_IMG_20211118_111400.jpg','-'),
(311,122,'1','OUTDOOR','Desa','Pemerintah Desa','130 X 100','Baik','1640497800_20211118_010635(PM)___[map].jpg','-'),
(312,122,'6','OUTDOOR','Pribadi','H. Ujang & H. Memen','-','Baik','-','-'),
(313,119,'4','INDOOR','-','Rt 05/02, 02/11','-','Baik','1640497889_20211206_013812(PM)___[map].jpg','Ds Cinunuk'),
(314,122,'5','OUTDOOR','Desa','Pemerintah Desa','-','Baik','1640497902_20211118_011828(PM)___[map].jpg','-'),
(315,119,'4','INDOOR','-','Purbaya Idem','-','Baik','1640497920_20211206_021202(PM)___[map].jpg','Ds Cinunuk'),
(316,122,'4','INDOOR','Pribadi','Laila','-','Baik','1640497940_20211118_012436(PM)___[map].jpg','-'),
(317,119,'4','INDOOR','-','PosGiro Rt 05/05','-','Baik','1640497946_20211206_013812(PM)___[map].jpg','Ds Cinunuk'),
(318,119,'4','INDOOR','-','Rt 01/20','-','Baik','1640497971_20211206_013812(PM)___[map].jpg','Ds Cinunuk'),
(319,119,'4','INDOOR','-','Rt 04/19 Gor Gunawan','-','Baik','1640497999_20211206_021202(PM)___[map].jpg','Ds Cinunuk'),
(320,119,'17','INDOOR','Pribadi','Erlangga','-','Baik','1640498042_20211206_041951(PM)___[map].jpg','Ds Cinunuk'),
(321,119,'19','OUTDOOR','-','RM Ponyo','-','Baik','1640498107_20211206_044449(PM)___[map].jpg','Ds Cinunuk'),
(322,123,'1','OUTDOOR','Desa','Pemerintah Desa','Standar Nasional','Baik','-','-'),
(323,123,'5','OUTDOOR','Desa','Pemerintah Desa','Standar Nasional','Baik','1640498495_20211207_123929(PM)___[map].jpg','-'),
(324,123,'4','INDOOR','Pribadi','Estika','-','Baik','1640498523_20211210_100730(AM)___[map].jpg','-'),
(325,124,'1','OUTDOOR','Desa','Desa','100 x 65','Baik','1640499646_20211130_13056PMByGPSMapCamera.jpg','Ds Bojongemas'),
(326,124,'6','INDOOR','Rw 06, Rw 08','Rw','2,74 x 1,53','Baik','1640499729_20211130_22859PMByGPSMapCamera.jpg','Ds Bojong emas'),
(327,124,'5','OUTDOOR','Rw 03, 04, 11','Rw','16 x 9','Baik','1640499809_20211130_22209PMByGPSMapCamera.jpg','Ds Bojong Emas'),
(328,124,'4','INDOOR','Desa','Desa','13,4 x 6,1','Baik','1640499849_20211130_14252PMByGPSMapCamera.jpg','Ds Bojongemas'),
(329,125,'6','INDOOR','9 RW','-','1,525 x 2,74','Baik','1640500709_20211130_112800AMByGPSMapCamera.jpg','Ds Cibodas'),
(330,125,'4','OUTDOOR','2 Titik','-','10 x 9','Baik','1640500749_20211130_114626AMByGPSMapCamera.jpg','Ds  Cibodas'),
(331,125,'4','INDOOR','2 Titik','Perdes','16 x 9','Baik','1640500800_20211130_113615AMByGPSMapCamera.jpg','Ds Cibodas'),
(332,125,'4','INDOOR','2 Titik','Aep','16,5 x 8','Baik','1640500851_20211130_114959AMByGPSMapCamera.jpg','Ds Cibodas'),
(333,127,'1','OUTDOOR','Rw 09','-','100 x 65','Baik','1640501926_20211129_31416PMByGPSMapCamera.jpg','Ds Langensari Rw 09'),
(334,127,'6','OUTDOOR','Rw 06','-','2,74 x 1,5','Baik','1640501986_20211129_32025PMByGPSMapCamera.jpg','Ds Langensari Rw 06'),
(335,127,'5','OUTDOOR','Rw 07','-','16 x 9','Baik','1640502027_20211129_31604PMByGPSMapCamera.jpg','Ds Langensari Rw 07'),
(336,127,'5','OUTDOOR','Rw 18','-','16 x 9','Baik','1640502064_20211129_31804PMByGPSMapCamera.jpg','Ds Langensari Rw 18'),
(337,127,'14','INDOOR','Rw 01','-','38 x 20','Baik','1640502110_20211129_32858PMByGPSMapCamera.jpg','Ds langensari Rw 01'),
(338,127,'4','INDOOR','Rw 15','-','13,4 x 6,1','Baik','1640502168_20211129_31157PMByGPSMapCamera.jpg','Ds Langensari Rw 15'),
(339,127,'4','INDOOR','Rw 05','-','13,4 x 6,1','Baik','1640502194_20211129_32607PMByGPSMapCamera.jpg','Ds Langensari Rw 05'),
(340,127,'4','INDOOR','Rw 18','-','13,4 x 6,1','Baik','1640502230_20211129_32235PMByGPSMapCamera.jpg','Ds langensari Rw 18'),
(341,127,'4','INDOOR','Rw 10','-','13,4 x 6,1','Baik','1640502257_20211129_22634PMByGPSMapCamera.jpg','Ds Langensari Rw 10'),
(342,128,'5','OUTDOOR','Pribadi','H. Hidayat','700','Buruk','-','Desa Cigentur Kec.Paseh'),
(343,128,'5','OUTDOOR','Pribadi','H. Hidayat','700','Buruk','1640502850_20211206_124354PM_ByGPSMapCamera.jpg','Desa Cigentur Kec.Paseh'),
(344,128,'5','OUTDOOR','-','-','-','Baik','1640502902_20211206_122315PM_ByGPSMapCamera.jpg','Desa Cigentur Kec.Paseh'),
(345,128,'5','OUTDOOR','-','-','-','Baik','1640503061_20211206_122757PM_ByGPSMapCamera.jpg','Desa Cigentur Kec.Paseh'),
(346,128,'5','OUTDOOR','-','-','-','Baik','1640503105_20211206_123515PM_ByGPSMapCamera.jpg','Desa Cigentur Kec.Paseh'),
(347,129,'13','OUTDOOR','Rw 05','-','2,74 x 1,5','Baik','1640503191_20211129_124802PMByGPSMapCamera.jpg','Ds Padamukti Rw 05'),
(348,128,'18','INDOOR','Desa','Desa','280','Baik','1640503212_20211206_121648PM_ByGPSMapCamera.jpg','Desa Cigentur Kec.Paseh'),
(349,129,'5','OUTDOOR','Rw 09','-','16 x 9','Baik','1640503227_20211129_124121PMByGPSMapCamera.jpg','Ds Padamukti Rw 09'),
(350,128,'4','INDOOR','Desa','Desa','-','Baik','1640503256_20211206_121648PM_ByGPSMapCamera.jpg','Desa Cigentur Kec.Paseh'),
(351,129,'4','INDOOR','Gor Desa','-','16 x 9','Baik','1640503282_20211129_123533PMByGPSMapCamera.jpg','Ds Padamukti'),
(352,129,'5','INDOOR','Gor Desa','-','13,4 x 6,1','Baik','1640503309_20211129_124121PMByGPSMapCamera.jpg','Ds Padamukti'),
(353,128,'14','INDOOR','Pribadi','-','-','Baik','1640503352_20211206_123738PM_ByGPSMapCamera.jpg','Desa Cigentur Kec.Paseh'),
(354,128,'14','INDOOR','Pribadi','-','-','Baik','1640503396_20211206_124135PM_ByGPSMapCamera.jpg','Desa Cigentur Kec.Paseh'),
(355,130,'1','OUTDOOR','Pribadi','H.Adang','800','Buruk','1640504346_20211123_102104AM_ByGPSMapCamera.jpg','Desa Cijagra Kec.Paseh'),
(356,130,'5','OUTDOOR','Pribadi','Enjang','260','Baik','1640504540_20211123_111952AM_ByGPSMapCamera.jpg','Desa Cigentur Kec.Paseh'),
(357,130,'18','INDOOR','Desa','Desa','-','Baik','1640504635_20211123_101002AM_ByGPSMapCamera.jpg','Desa Cijagra Kec.Paseh'),
(358,130,'5','OUTDOOR','Pribadi','Enjang','260','Baik','1640504695_20211123_111952AM_ByGPSMapCamera.jpg','Desa Cijagra Kec.Paseh'),
(359,130,'6','OUTDOOR','Desa','Desa','-','Baik','1640504784_20211123_103652AM_ByGPSMapCamera.jpg','Desa Cijagra Kec.Paseh'),
(360,131,'1','OUTDOOR','Pribadi','Toha RW12','2280','Buruk','1640507226_20211125_124349PM_ByGPSMapCamera.jpg','Desa Cipaku Kec.Paseh'),
(361,131,'5','OUTDOOR','Pribadi','Sumpena','280','Baik','1640507399_20211125_11819PM_ByGPSMapCamera.jpg','Desa Cipaku Kec.Paseh'),
(362,131,'5','OUTDOOR','-','-','-','Baik','1640507640_20211125_112756AM_ByGPSMapCamera.jpg','Desa Cipaku Kec.Paseh'),
(363,131,'4','INDOOR','Pribadi','Desa','Desa','Baik','1640507951_20211125_10643PM_ByGPSMapCamera.jpg','Desa Cipaku Kec.Paseh'),
(364,131,'4','INDOOR','-','-','-','Baik','1640508021_20211130_15458PM_ByGPSMapCamera.jpg','Desa Cipaku Kec.Paseh'),
(365,131,'14','INDOOR','Pribadi','H Asep','560','Baik','1640508109_20211125_123009PM_ByGPSMapCamera.jpg',NULL),
(366,131,'3','OUTDOOR','Desa','Desa','-','Baik','1640508152_20211125_125746PM_ByGPSMapCamera.jpg','Desa Cipaku Kec.Paseh'),
(367,132,'1','OUTDOOR','Hak Guna Pakai','-','4505','Baik','1640509039_20211118_10221PM_ByGPSMapCamera.jpg','Desa Cipedes Kec.Paseh'),
(368,132,'6','INDOOR','Hak Guna Pakai','Desa','-','Baik','1640509113_IMG-20211123-WA0018.jpg','Desa Cipedes Kec.Paseh'),
(369,132,'5','OUTDOOR','-','-','-','Baik','1640509200_20211118_122350PM_ByGPSMapCamera.jpg','Desa Cipedes Kec.Paseh'),
(370,132,'5','OUTDOOR','-','-','-','Baik','1640509260_20211118_104824AM_ByGPSMapCamera.jpg','Desa Cipedes Kec.Paseh'),
(371,133,'1','OUTDOOR','Desa','PemDes','5300','Baik','1640509449_20211129_115709AMByGPSMapCamera.jpg','Ds Panyadap'),
(372,133,'6','OUTDOOR','Rw 1, 18, 4, 12, 6','-','16 x 9','Baik','1640509532_20211129_21214PMByGPSMapCamera.jpg','Ds Panyadap'),
(373,133,'5','OUTDOOR','Rw 11','Agung','16 x 9','Baik','1640509608_20211129_20857PMByGPSMapCamera.jpg','Ds Panyadap Rw 11'),
(374,133,'4','INDOOR','Gor Desa','PemDes','13,4 x 6,1','Baik','1640509759_20211129_15832PMByGPSMapCamera.jpg','Ds Panyadap'),
(375,134,'5','OUTDOOR','Pribadi','Agung','200','Baik','1640510234_20211123_35153PM_ByGPSMapCamera.jpg','Desa Drawati Kec.Paseh'),
(376,134,'18','INDOOR','Desa','Desa','-','Baik','1640510287_20211123_32445PM_ByGPSMapCamera.jpg','Desa Drawati Kec.Paseh'),
(377,134,'4','INDOOR','Desa','Desa','-','Baik','1640510319_20211123_25642PM_ByGPSMapCamera.jpg','Desa Drawati Kec.Paseh'),
(378,134,'6','INDOOR','Desa','Desa','-','Baik','1640510365_20211123_34103PM_ByGPSMapCamera.jpg','Desa Drawati Kec.Paseh'),
(379,135,'1','OUTDOOR','Rw 12','Pemdes','100 x 65','Baik','1640510488_20211130_121740PMByGPSMapCamera.jpg','Ds Rancakasumba'),
(380,135,'4','OUTDOOR','Rw 12, 2, 6, 13','Pribadi','13,4 x 6,1','Baik','1640510566_20211130_11008PMByGPSMapCamera.jpg','Ds Rancakasumba'),
(381,135,'6','INDOOR','Rw 7, 8, 9, 10','-','16 x 9','Baik','1640510615_20211130_10653PMByGPSMapCamera.jpg','Ds Rancakasumba'),
(382,135,'5','OUTDOOR','Rw 05, Rw 06','Pribadi','16 x 9','Baik','1640510656_20211130_10353PMByGPSMapCamera.jpg','Ds Rancakasumba'),
(384,135,'4','INDOOR','Gor Desa','-','16 x 9','Baik','1640510785_20211130_125817PMByGPSMapCamera.jpg','Ds Rancakasumba'),
(385,135,'13','INDOOR','Rw 03','-','38 x 20','Baik','1640510846_20211130_11325PMByGPSMapCamera.jpg','Ds Rancakasumba'),
(386,136,'1','OUTDOOR','Desa','Pemerintah Desa','11400','Baik','1640511171_20211210_093915(AM)___[map].jpg','-'),
(387,136,'6','OUTDOOR','Desa','Pemerintah Desa',NULL,'Baik','1640511254_20211210_114222(AM)___[map].jpg','-'),
(388,136,'5','OUTDOOR','Desa','Desa','350','Baik','1640511294_20211210_112613(AM)___[map].jpg','-'),
(389,136,'4','INDOOR','Desa','Pemerintah Desa','200','Baik','1640511347_20211210_022326(PM)___[map].jpg','-'),
(390,137,'1','OUTDOOR','Milik Desa','Desa','100 x 65','Baik','1640511389_IMG-20211201-WA0006.jpg','Ds Solokan Jeruk'),
(391,138,'5','OUTDOOR','Pribadi','-','20x30','Baik','1640511588_IMG-20211202-WA0007.jpg','Desa Karang Tunggal Kec.Paseh'),
(392,137,'4','OUTDOOR','Umum','Peri','16 x 9','Baik','1640511606_20211130_120052PMByGPSMapCamera.jpg','Ds Solokanjeruk'),
(393,138,'5','OUTDOOR','Pribadi','-','-','Baik','1640511643_IMG-20211202-WA0005.jpg','Desa Karang Tunggal Kec.Paseh'),
(394,137,'6','OUTDOOR','Umum','Rw 01, 03, 05, 08, 07, 13','6 x 6','Baik','1640511690_IMG-20211201-WA0002.jpg','Ds Solokanjeruk'),
(395,138,'4','INDOOR','Desa','Desa','20x40','Baik','1640511716_20211201_100109AM_ByGPSMapCamera.jpg','Desa Karang Tunggal Kec.Paseh'),
(396,137,'5','OUTDOOR','Umum','Rw 15','16 x 9','Baik','1640511729_IMG-20211201-WA0003.jpg','Ds Solokanjeruk'),
(397,138,'6','OUTDOOR','-','-','-','Baik','1640511766_IMG-20211202-WA0013.jpg','Desa Karang Tunggal Kec.Paseh'),
(398,137,'14','OUTDOOR','Umum','-','20 x 10','Baik','1640511840_IMG-20211201-WA0003.jpg','Ds Solokanjeruk'),
(399,137,'14','INDOOR','Gor Alif','H Wawan','20 x 10','Baik','1640511873_IMG-20211201-WA0004.jpg','Ds Solokanjeruk'),
(400,137,'4','INDOOR','Desa','Desa','16 x 9','Baik','1640511901_20211129_35315PMByGPSMapCamera.jpg','Ds Solokanjeruk'),
(401,139,'1','OUTDOOR','Desa','Desa','300','Baik','1640515887_20211208_105759AM_ByGPSMapCamera.jpg','Desa Loa Kec.Paseh'),
(402,139,'5','OUTDOOR','Pribadi','Adid','18x9','Baik','1640516030_20211208_111909AM_ByGPSMapCamera.jpg','Desa Loa Kec.Paseh'),
(403,139,'4','INDOOR','Desa','Desa','12x20','Baik','1640516097_20211130_13525PM_ByGPSMapCamera.jpg','Desa Loa Kec.Paseh'),
(404,139,'6','INDOOR','Hak Guna Pakai','Desa','-','Baik','1640516158_20211130_13006PM_ByGPSMapCamera.jpg','Desa Loa Kec.Paseh'),
(405,140,'5','OUTDOOR','Pribadi','Dani','200','Baik','1640517785_IMG-20211123-WA0022.jpg','Desa Mekar Pawitan Kec.Paseh'),
(406,140,'4','INDOOR','Desa','Desa','60x42','Baik','1640517824_IMG-20211123-WA0021.jpg','Desa Mekar Pawitan Kec.Paseh'),
(407,140,'3','OUTDOOR','Hak Guna Pakai','RW','-','Baik','1640517908_IMG-20211123-WA0025.jpg','Desa Mekar Pawitan Kec.Paseh'),
(408,142,'6','OUTDOOR','Desa','Pemerintah Desa','-','Baik','1640519308_20211207_113302(AM)___[map].jpg','-'),
(409,142,'5','OUTDOOR','Pribadi','Ibu Itang','-','Baik','1640519374_20211207_113540(AM)___[map].jpg','-'),
(410,142,'4','INDOOR','Pribadi','H.Daday','-','Baik','1640519426_20211210_013228(PM)___[map].jpg','-'),
(411,141,'1','OUTDOOR','Pribadi','Koswara','200','Baik','1640520391_20211130_113504AM_ByGPSMapCamera.jpg','Desa Sindang Sari Kec.Paseh'),
(412,141,'5','OUTDOOR','Pribadi','Jajang','250','Baik','1640520477_20211130_114556AM_ByGPSMapCamera.jpg','Desa Sindang Sari Kec.Paseh'),
(413,141,'4','INDOOR','Desa','Desa','200','Baik','1640520523_20211130_113953AM_ByGPSMapCamera.jpg','Desa Sindang Sari Kec.Paseh'),
(414,141,'6','OUTDOOR','-','-','-','Baik','1640520602_20211130_112643AM_ByGPSMapCamera.jpg','Desa Sindang Sari Kec.Paseh'),
(415,143,'6','OUTDOOR','-','-','-','Baik','1640522308_20211208_11443PM_ByGPSMapCamera.jpg','Desa Suka Manah Kec.Paseh'),
(416,143,'6','OUTDOOR','-','-','-','Baik','1640522349_20211208_122057PM_ByGPSMapCamera.jpg','Desa Suka Manah Kec.Paseh'),
(417,143,'6','OUTDOOR','-','-','-','Baik','1640522385_20211208_122632PM_ByGPSMapCamera.jpg','Desa Suka Manah Kec.Paseh'),
(418,143,'4','INDOOR','Pribadi','H.dikidik','200','Baik','1640522438_20211208_22633PM_ByGPSMapCamera.jpg','Desa Suka Manah Kec.Paseh'),
(419,144,'6','OUTDOOR','Desa','Desa','-','Baik','1640523250_20211126_102829AM_ByGPSMapCamera.jpg','Desa Sukamentri Kec. Paseh'),
(420,144,'5','OUTDOOR','Pribadi','-','-','Baik','1640523297_20211126_100700AM_ByGPSMapCamera.jpg','Desa Sukamentri Kec. Paseh'),
(421,144,'14','INDOOR','Pribadi','Suharja.AU','-','Baik','1640523364_20211126_101951AM_ByGPSMapCamera.jpg','Desa Sukamentri Kec. Paseh'),
(422,144,'18','INDOOR','Desa','Desa','500','Baik','1640523419_20211126_101452AM_ByGPSMapCamera.jpg','Desa Sukamentri Kec. Paseh'),
(423,144,'18','INDOOR','Hak Guna Pakai','Desa','500','Baik','1640523473_20211126_100810AM_ByGPSMapCamera.jpg','Desa Sukamentri Kec. Paseh'),
(424,145,'3','OUTDOOR','Desa','Desa','-','Baik','1640524297_20211116_10038PM_ByGPSMapCamera.jpg','Desa Tangsi Mekar Kec. Paseh'),
(425,145,'4','INDOOR','Desa','Desa','-','Baik','1640524367_20211116_11938PM_ByGPSMapCamera.jpg','Desa Tangsi Mekar Kec. Paseh'),
(426,145,'5','OUTDOOR','-','-','-','Baik','1640524429_20211116_12742PM_ByGPSMapCamera.jpg','Desa Tangsi Mekar Kec. Paseh'),
(427,145,'5','OUTDOOR','-','-','-','Baik','1640524474_20211116_13502PM_ByGPSMapCamera.jpg','Desa Tangsi Mekar Kec. Paseh'),
(428,145,'5','INDOOR','-','-','-','Baik','1640524515_20211116_12527PM_ByGPSMapCamera.jpg','Desa Tangsi Mekar Kec. Paseh'),
(429,147,'1','OUTDOOR','Pribadi','AAN .H','-','Baik','1640529040_WhatsApp Image 2021-12-20 at 17.27.20 (3).jpeg','Desa Cikawao Kec.Pacet'),
(430,147,'5','OUTDOOR','Pribadi','AAN .H','-','Baik','1640529168_WhatsApp Image 2021-12-20 at 17.27.19 (1).jpeg','Desa Cikawao Kec.Pacet'),
(431,147,'5','OUTDOOR','-','-','-','Baik','1640529209_WhatsApp Image 2021-12-20 at 17.27.20 (1).jpeg','Desa Cikawao Kec.Pacet'),
(432,147,'5','OUTDOOR','-','-','-','Baik','1640529247_WhatsApp Image 2021-12-20 at 17.27.20 (4).jpeg','Desa Cikawao Kec.Pacet'),
(433,147,'4','INDOOR','Desa','Desa','-','Baik','1640529294_WhatsApp Image 2021-12-20 at 17.27.20 (2).jpeg','Desa Cikawao Kec.Pacet'),
(434,148,'1','OUTDOOR','Desa','Desa','-','Baik','1640530654_WhatsApp Image 2021-12-20 at 17.16.06 (1).jpeg','Desa Cikitu Kec. Pacet'),
(435,148,'6','OUTDOOR','Desa','Desa','-','Baik','-','Desa Cikitu Kec. Pacet'),
(436,148,'5','OUTDOOR','Pribadi','-','-','Baik','1640530784_WhatsApp Image 2021-12-20 at 17.16.05.jpeg','Desa Cikitu Kec. Pacet'),
(437,148,'14','INDOOR','Pribadi','-','-','Baik','1640530817_WhatsApp Image 2021-12-20 at 17.16.06 (2).jpeg','Desa Cikitu Kec. Pacet'),
(438,148,'4','INDOOR','Pribadi','Aca','-','Baik','1640530849_WhatsApp Image 2021-12-20 at 17.16.05 (1).jpeg','Desa Cikitu Kec. Pacet'),
(439,149,'5','OUTDOOR','Desa','Desa','-','Baik','1640531486_WhatsApp Image 2021-12-20 at 16.01.11.jpeg','Desa Cinanggela Kec. Pacet'),
(440,149,'5','OUTDOOR','-','-','-','Baik','1640531513_WhatsApp Image 2021-12-20 at 16.01.11 (4).jpeg','Desa Cinanggela Kec. Pacet'),
(441,149,'6','OUTDOOR','Desa','-','-','Baik','1640531545_WhatsApp Image 2021-12-20 at 16.01.11 (1).jpeg','Desa Cinanggela Kec. Pacet'),
(442,150,'1','OUTDOOR','Hak Guna Pakai','Pemerintah','-','Baik','1640532308_WhatsApp Image 2021-12-20 at 17.21.30.jpeg','Desa Cipejeuh Kec. Pacet'),
(443,150,'6','OUTDOOR','Hak Guna Pakai','RW','-','Baik','1640532357_WhatsApp Image 2021-12-20 at 17.21.28 (1).jpeg','Desa Cipejeuh Kec. Pacet'),
(444,150,'5','OUTDOOR','Pribadi','Dony','-','Baik','1640532443_WhatsApp Image 2021-12-20 at 17.21.28 (3).jpeg','Desa Cipejeuh Kec. Pacet'),
(445,150,'14','INDOOR','Pribadi','K.Mulyano','-','Baik','1640532499_WhatsApp Image 2021-12-20 at 17.21.29 (3).jpeg','Desa Cipejeuh Kec. Pacet'),
(446,150,'4','INDOOR','Pribadi','H.Aden','-','Baik','1640532619_WhatsApp Image 2021-12-20 at 17.21.28 (4).jpeg','Desa Cipejeuh Kec. Pacet'),
(447,151,'4','INDOOR','Desa','Desa','-','Baik','1640533189_WhatsApp Image 2021-12-20 at 16.21.13.jpeg','Desa Giri Mulya Kec.Pacet'),
(448,152,'3','OUTDOOR','Pribadi','-','-','Baik','-','Desa Mandalahaji Kec.Pacet'),
(449,152,'5','OUTDOOR','Pribadi','-','-','Baik','1640533807_WhatsApp Image 2021-12-20 at 16.45.20 (3).jpeg','Desa Mandalahaji Kec.Pacet'),
(450,152,'4','INDOOR','Pribadi','Desa','-','Baik','1640533858_WhatsApp Image 2021-12-20 at 16.45.20.jpeg','Desa Mandalahaji Kec.Pacet'),
(451,152,'5','OUTDOOR','-','-','-','Baik','1640533903_WhatsApp Image 2021-12-20 at 16.45.22 (3).jpeg','Desa Mandalahaji Kec.Pacet'),
(452,152,'5','OUTDOOR','-','-','-','Baik','1640533937_WhatsApp Image 2021-12-20 at 16.45.22 (1).jpeg','Desa Mandalahaji Kec.Pacet'),
(453,153,'6','INDOOR','Pribadi','Pak Guru','560','Baik','1640535844_WhatsApp Image 2021-12-20 at 16.11.49.jpeg','Desa Maruyung Kec.Pacet'),
(454,153,'5','OUTDOOR','Pribadi','Asep','2800','Baik','1640535945_WhatsApp Image 2021-12-20 at 16.11.49 (1).jpeg','Desa Maruyung Kec.Pacet'),
(455,153,'14','INDOOR','Pribadi','Zulfi','100','Baik','1640535985_WhatsApp Image 2021-12-20 at 16.11.48.jpeg','Desa Maruyung Kec.Pacet'),
(456,153,'4','INDOOR','Pribadi','H.','1000','Baik','1640536033_WhatsApp Image 2021-12-20 at 16.11.48 (2).jpeg','Desa Maruyung Kec.Pacet'),
(457,154,'4','OUTDOOR','Pribadi','Al Hidayat','20x15','Baik','1640537002_WhatsApp Image 2021-12-20 at 15.49.41 (1).jpeg','Desa Mekarjaya Kec.Pacet'),
(458,154,'6','OUTDOOR','Hak Guna Pakai','Milik Umum','3x6','Baik','-','Desa Mekarjaya Kec.Pacet'),
(459,154,'5','OUTDOOR','Pribadi','Desa','-','Baik','1640537163_WhatsApp Image 2021-12-20 at 15.49.41 (2).jpeg','Desa Mekarjaya Kec.Pacet'),
(460,154,'14','INDOOR','Pribadi','H.Ayi Amin','20x30','Baik','1640537223_WhatsApp Image 2021-12-20 at 15.49.41.jpeg','Desa Mekarjaya Kec.Pacet'),
(461,155,'6','OUTDOOR','Hak Guna Pakai','RW','-','Baik','-','Desa Mekarsari Kec.Pacet'),
(462,155,'5','OUTDOOR','Pribadi','-','-','Baik','1640537826_WhatsApp Image 2021-12-20 at 16.28.07.jpeg','Desa Mekarsari Kec.Pacet'),
(463,155,'5','OUTDOOR','Pribadi','-','-','Baik','1640537854_WhatsApp Image 2021-12-20 at 16.28.07 (1).jpeg','Desa Mekarsari Kec.Pacet'),
(464,155,'4','INDOOR','Desa','Desa','11x34','Baik','1640537902_WhatsApp Image 2021-12-20 at 16.28.06 (3).jpeg','Desa Mekarsari Kec.Pacet'),
(465,155,'14','INDOOR','Pribadi','-','-','Baik','1640537935_WhatsApp Image 2021-12-20 at 16.28.05.jpeg','Desa Mekarsari Kec.Pacet'),
(466,156,'1','OUTDOOR','Hak Guna Pakai','Desa','8250','Baik','1640538777_WhatsApp Image 2021-12-20 at 16.36.23 (2).jpeg','Desa Nagrak Kec.Pacet'),
(467,156,'4','OUTDOOR','Pribadi','-','-','Baik','1640538933_WhatsApp Image 2021-12-20 at 16.36.25 (1).jpeg','Desa Nagrak Kec.Pacet'),
(468,156,'5','OUTDOOR','Pribadi','-','-','Baik','1640538967_WhatsApp Image 2021-12-20 at 16.36.24 (1).jpeg','Desa Nagrak Kec.Pacet'),
(469,156,'5','OUTDOOR','Pribadi','-','-','Baik','1640539032_WhatsApp Image 2021-12-20 at 16.36.26 (7).jpeg','Desa Nagrak Kec.Pacet'),
(470,156,'14','OUTDOOR','Pribadi','-','-','Baik','1640539110_WhatsApp Image 2021-12-20 at 16.36.26 (7).jpeg','Desa Nagrak Kec.Pacet'),
(471,156,'4','INDOOR','Pribadi','-','-','Baik','1640539166_WhatsApp Image 2021-12-20 at 16.36.26 (5).jpeg','Desa Nagrak Kec.Pacet'),
(472,156,'4','INDOOR','Pribadi','-','-','Baik','1640539198_WhatsApp Image 2021-12-20 at 16.36.24 (2).jpeg','Desa Nagrak Kec.Pacet'),
(473,156,'6','INDOOR','Desa','Desa','-','Baik','1640539257_WhatsApp Image 2021-12-20 at 16.36.26 (2).jpeg','Desa Nagrak Kec.Pacet'),
(474,156,'18','INDOOR','Desa','Desa','-','Baik','1640539316_WhatsApp Image 2021-12-20 at 16.36.27 (6).jpeg','Desa Nagrak Kec.Pacet'),
(475,157,'1','OUTDOOR','Desa','Desa','-','Baik','1640540070_WhatsApp Image 2021-12-20 at 17.01.42 (1).jpeg','Desa Pangauban Kec.Pacet'),
(476,157,'3','OUTDOOR','Desa','Desa','-','Baik','1640540140_WhatsApp Image 2021-12-20 at 17.01.41.jpeg','Desa Pangauban Kec.Pacet'),
(477,157,'5','OUTDOOR','Desa','Desa','-','Baik','1640540187_WhatsApp Image 2021-12-20 at 17.01.43 (2).jpeg','Desa Pangauban Kec.Pacet'),
(478,157,'4','INDOOR','Yayasan','-',NULL,'Baik','1640540249_WhatsApp Image 2021-12-20 at 17.01.43 (1).jpeg','Desa Pangauban Kec.Pacet'),
(479,157,'18','INDOOR','Desa','Desa','-','Baik','1640540268_WhatsApp Image 2021-12-20 at 17.01.42.jpeg','Desa Pangauban Kec.Pacet'),
(480,158,'5','OUTDOOR','Pribadi','-','-','Baik','1640540981_WhatsApp Image 2021-12-20 at 16.53.28 (1).jpeg','Desa Sukarame Kec.Pacet'),
(481,158,'5','OUTDOOR','Pribadi','-','-','Baik','1640541020_WhatsApp Image 2021-12-20 at 16.53.28 (5).jpeg','Desa Sukarame Kec.Pacet'),
(482,158,'5','OUTDOOR','Pribadi',NULL,NULL,'Baik','-',NULL),
(483,158,'5','OUTDOOR','Pribadi','-','-','Baik','1640541082_WhatsApp Image 2021-12-20 at 16.53.28 (2).jpeg','Desa Sukarame Kec.Pacet'),
(484,158,'4','INDOOR','Desa','Desa','-','Baik','1640541131_WhatsApp Image 2021-12-20 at 16.53.29 (6).jpeg','Desa Sukarame Kec.Pacet'),
(485,158,'13','INDOOR','Desa','Desa','-','Baik','-','Desa Sukarame Kec.Pacet'),
(486,158,'5','OUTDOOR','Pribadi','-',NULL,'Baik','1640541213_WhatsApp Image 2021-12-20 at 16.53.28 (7).jpeg','Desa Sukarame Kec.Pacet'),
(487,159,'1','OUTDOOR','Pribadi','-','750','Baik','1640541611_WhatsApp Image 2021-12-20 at 17.07.51 (3).jpeg','Desa Tanjung Wangi Kec.Pacet'),
(488,159,'6','OUTDOOR','Desa','Desa','-','Baik','1640541651_WhatsApp Image 2021-12-20 at 17.07.51 (2).jpeg','Desa Tanjung Wangi Kec.Pacet'),
(489,159,'5','OUTDOOR','Pribadi','-','-','Baik','1640541707_WhatsApp Image 2021-12-20 at 17.07.51.jpeg','Desa Tanjung Wangi Kec.Pacet'),
(490,159,'5','INDOOR','Pribadi','-','-','Baik','1640541730_WhatsApp Image 2021-12-20 at 17.07.51 (1).jpeg','Desa Tanjung Wangi Kec.Pacet'),
(491,161,'6','OUTDOOR','Umum','Milik Umum','-','Baik','1640543513_WhatsApp Image 2021-12-07 at 14.17.42 (1).jpeg','Desa Cicalengka Wetan Kec.Cicalengka'),
(492,161,'5','OUTDOOR','Umum','Milik Umum','162','Baik','1640543629_WhatsApp Image 2021-12-07 at 14.17.42 (2).jpeg','Desa Cicalengka Wetan Kec.Cicalengka'),
(493,161,'4','OUTDOOR','Umum','Milik Umum','-','Baik','1640543694_WhatsApp Image 2021-12-07 at 14.17.40 (1).jpeg','Desa Cicalengka Wetan Kec.Cicalengka'),
(494,161,'14','INDOOR','Pribadi','-','400','Baik','1640543747_WhatsApp Image 2021-12-07 at 14.17.41.jpeg','Desa Cicalengka Wetan Kec.Cicalengka'),
(495,162,'1','OUTDOOR','Hibah','-','60x120','Baik','1640544754_lapang Sepak bola.pdf','Desa Dampit Kec.Cicalengka'),
(496,162,'3','OUTDOOR','Pribadi','-','-','Baik','-','Desa Dampit Kec.Cicalengka'),
(497,162,'5','OUTDOOR','Pribadi','-','13x9','Baik','1640544889_Lapang Voli.pdf','Desa Dampit Kec.Cicalengka'),
(498,162,'4','INDOOR','-','-','-','Baik','1640544928_Gor Bulu tangkis.pdf','Desa Dampit Kec.Cicalengka'),
(499,164,'6','OUTDOOR','-','RW 01 05 06 12 14','-','Baik','1640552898_foto babakan petey.pdf','Desa Babakan Peteuy Kec. Cicalengka'),
(500,164,'5','OUTDOOR','Desa','Desa','-','Baik','1640552946_foto babakan petey.pdf','Desa Babakan Peteuy Kec. Cicalengka'),
(501,164,'14','OUTDOOR','Pribadi','Surya','160','Baik','1640553001_foto babakan petey.pdf','Desa Babakan Peteuy Kec. Cicalengka'),
(502,164,'14','INDOOR','Pribadi','Saik','256','Baik','1640553045_foto babakan petey.pdf','Desa Babakan Peteuy Kec. Cicalengka'),
(503,164,'4','INDOOR','Desa','Desa','176','Baik','1640553072_foto babakan petey.pdf','Desa Babakan Peteuy Kec. Cicalengka'),
(504,164,'5','INDOOR','Pribadi','SMK','-','Baik','1640553108_foto babakan petey.pdf','Desa Babakan Peteuy Kec. Cicalengka'),
(505,165,'6','OUTDOOR','Hibah','RW','-','Baik','1640553801_foto babakan petey.pdf','Desa Babakan Peteuy Kec. Cicalengka'),
(506,165,'5','OUTDOOR','Hak Guna Pakai','RW','-','Baik','1640553842_foto babakan petey.pdf','Desa Babakan Peteuy Kec. Cicalengka'),
(507,165,'14','OUTDOOR','Pribadi','Surya','160','Baik','1640553884_foto babakan petey.pdf','Desa Babakan Peteuy Kec. Cicalengka'),
(508,165,'14','INDOOR','Pribadi','SMK','256','Baik','1640553914_foto babakan petey.pdf','Desa Babakan Peteuy Kec. Cicalengka'),
(509,165,'4','INDOOR','Desa','Desa','-','Baik','1640553938_foto babakan petey.pdf','Desa Babakan Peteuy Kec. Cicalengka'),
(510,165,'5','INDOOR','Pribadi','SMK','-','Baik','1640553977_foto babakan petey.pdf','Desa Babakan Peteuy Kec. Cicalengka'),
(511,166,'1','OUTDOOR','Pemerintah','-','-','Baik','-','Desa Cikuya Kec. Cicalengka'),
(512,166,'4','OUTDOOR','Pribadi','Saraga','-','Baik','-','Desa Cikuya Kec. Cicalengka'),
(513,166,'6','OUTDOOR','Pribadi','Saraga','-','Baik','-','Desa Cikuya Kec. Cicalengka'),
(514,166,'5','INDOOR','Pribadi','Saraga','-','Baik','-','Desa Cikuya Kec. Cicalengka'),
(515,166,'14','OUTDOOR','Pribadi','Saraga','-','Baik','-','Desa Cikuya Kec. Cicalengka'),
(516,166,'14','INDOOR','Pribadi','Oniba','-','Baik','-','Desa Cikuya Kec. Cicalengka'),
(517,166,'4','INDOOR','Pribadi','Oniba','-','Baik','-','Desa Cikuya Kec. Cicalengka'),
(518,167,'5','OUTDOOR','Umum','Milik Umum','16','Baik','-','Desa Margaasih Kec.Cicalengka'),
(519,167,'14','INDOOR','Pribadi','Jajang','38x20','Baik','-','Desa Margaasih Kec.Cicalengka'),
(520,167,'4','INDOOR','Desa','Desa','13x16','Baik','-','Desa Margaasih Kec.Cicalengka'),
(521,168,'1','OUTDOOR','Hak Guna Pakai','Desa','1000','Baik','-','Desa Nagrog Kec.Cicalengka'),
(522,168,'6','OUTDOOR','Hibah','Desa','15','Baik','-','Desa Nagrog Kec.Cicalengka'),
(523,168,'5','OUTDOOR','Hak Guna Pakai','Desa','160','Baik','-','Desa Nagrog Kec.Cicalengka'),
(524,168,'14','OUTDOOR','Pribadi','H.Mulia','-','Baik','-','Desa Nagrog Kec.Cicalengka'),
(525,168,'4','INDOOR','Hak Guna Pakai','Desa','135','Baik','-','Desa Nagrog Kec.Cicalengka'),
(526,168,'14','INDOOR','Pribadi','H.Mulia','240','Baik','-','Desa Nagrog Kec.Cicalengka'),
(527,171,'6','OUTDOOR','Umum','Milik Umum','5x5','Baik','1640557966_IMG-20211217-WA0007(1).jpg','Desa NarawitaKec.Cicalengka'),
(528,171,'5','OUTDOOR','Pribadi','H.Usup','9x8','Baik','1640558059_IMG-20211217-WA0013.jpg','Desa NarawitaKec.Cicalengka'),
(529,171,'4','INDOOR','Desa','Desa','-','Baik','1640558099_IMG-20211217-WA0006.jpg','Desa NarawitaKec.Cicalengka'),
(530,172,'1','OUTDOOR','Desa','Desa','7280','Baik','-','Desa Panenjoan Kec.Cicalengka'),
(531,172,'5','OUTDOOR','Umum','Milik Umum','162m','Baik','1640558630_IMG-20211217-WA0014.jpg','Desa Panenjoan Kec.Cicalengka'),
(532,172,'14','OUTDOOR','Pribadi','-','700','Baik','1640558683_IMG-20211217-WA0018.jpg','Desa Panenjoan Kec.Cicalengka'),
(533,173,'6','OUTDOOR','Desa','Desa','-','Baik','-','Desa Tanjungwangi Kec.Cicalengka'),
(534,173,'5','OUTDOOR','IVO','Milik Umum','-','Baik','-','Desa Tanjungwangi Kec.Cicalengka'),
(535,173,'13','INDOOR','Desa','Desa','-','Baik','-','Desa Tanjungwangi Kec.Cicalengka'),
(536,173,'4','INDOOR','Desa','Desa','-','Baik','-','Desa Tanjungwangi Kec.Cicalengka'),
(537,174,'18','INDOOR','Desa','Desa','20x30','Baik','-','Desa Waluya Kec.Cicalengka'),
(538,174,'14','INDOOR','Pribadi','Heri','-','Baik','-','Desa Waluya Kec.Cicalengka'),
(539,174,'1','OUTDOOR','-','-','-','Baik','-','Desa Waluya Kec.Cicalengka'),
(540,174,'6','OUTDOOR','-','-','-','Baik','-','Desa Waluya Kec.Cicalengka'),
(541,174,'6','OUTDOOR','Desa','Desa','-','Baik','-','Desa Waluya Kec.Cicalengka'),
(542,174,'5','OUTDOOR','Umum','Milik Umum','16x8','Baik','-','Desa Waluya Kec.Cicalengka'),
(543,174,'5','OUTDOOR','Pribadi','-','-','Baik','-','Desa Waluya Kec.Cicalengka'),
(544,175,'1','OUTDOOR','-','-','-','Baik','1640561952_IMG_20211220_205515.JPG','Desa Tenjo Kec.Cicalengka'),
(545,175,'3','OUTDOOR','Umum','Milik Umum','-','Baik','-','Desa Tenjo Kec.Cicalengka'),
(546,175,'5','OUTDOOR','Umum','Milik Umum','-','Baik','-','Desa Tenjo Kec.Cicalengka'),
(547,175,'4','INDOOR','Pribadi','H.Fatah','-','Baik','-','Desa Tenjo Kec.Cicalengka'),
(548,175,'14','INDOOR','Pribadi','Dani','-','Baik','-','Desa Tenjo Kec.Cicalengka'),
(549,176,'1','OUTDOOR','Desa','Desa','-','Baik','1640564315_20211206_092431(AM)___[map].jpg','Desa Biru Kec.Majalaya'),
(550,176,'6','OUTDOOR','Desa','Desa','-','Baik','1640564359_IMG-20211208-WA0011.jpg','Desa Biru Kec.Majalaya'),
(551,176,'5','OUTDOOR','Pribadi','Endang','-','Baik','-','Desa Biru Kec.Majalaya'),
(552,176,'14','INDOOR','Pribadi','IRMA','-','Baik','-','Desa Biru Kec.Majalaya'),
(553,176,'4','INDOOR','Desa','Desa','-','Baik','1640564499_IMG-20211207-WA0025.jpg','Desa Biru Kec.Majalaya'),
(554,177,'1','OUTDOOR','Pribadi','RW 07','-','Baik','1640565083_20211208_010311(PM)___[map].jpg','Desa Bojong Kec.Majalaya'),
(555,177,'4','INDOOR','Pribadi','Desa dan RW 02 04 11 14','-','Baik','1640565209_20211208_124852(PM)___[map].jpg','Desa Bojong Kec.Majalaya'),
(556,177,'4','INDOOR','-','-','-','Baik','1640565234_20211208_121746(PM)___[map].jpg','Desa Bojong Kec.Majalaya'),
(557,177,'6','OUTDOOR','-','-','-','Baik','1640565285_20211208_012938(PM)___[map].jpg','Desa Bojong Kec.Majalaya'),
(558,178,'4','INDOOR','-','-','-','Baik','1640566920_20211206_013723(PM)___[map].jpg','Desa MajakertaKec.Majalaya'),
(559,178,'6','OUTDOOR','-','-','-','Baik','1640566957_20211206_013905(PM)___[map].jpg','Desa MajakertaKec.Majalaya'),
(560,178,'2','INDOOR','-','-','-','Baik','1640566986_20211206_014304(PM)___[map].jpg','Desa MajakertaKec.Majalaya'),
(561,179,'5','OUTDOOR','PT. KAI','PT. KAI','-','Baik','1640567863_IMG-20211209-WA0072.jpg','Desa Majalaya Kec.Majalaya'),
(562,179,'4','INDOOR','Desa','Desa','-','Baik','1640567908_20211208_110156(AM)___[map].jpg','Desa Majalaya Kec.Majalaya'),
(563,179,'6','INDOOR','-','-','-','Baik','1640567945_IMG-20211209-WA0074.jpg','Desa Majalaya Kec.Majalaya'),
(564,180,'1','OUTDOOR','Pribadi','-','-','Baik','1640568681_IMG-20211201-WA0041.jpg','Desa Majasetra Kec.Majalaya'),
(565,180,'6','OUTDOOR','Umum','RW','-','Baik','1640568757_IMG-20211201-WA0040.jpg','Desa Majasetra Kec.Majalaya'),
(566,180,'5','OUTDOOR','IVO','-',NULL,'Baik','1640568880_IMG-20211201-WA0043.jpg','Desa Majasetra Kec.Majalaya'),
(567,180,'4','INDOOR','Desa','Desa','-','Baik','1640568956_IMG-20211201-WA0044.jpg','Desa Majasetra Kec.Majalaya'),
(568,181,'5','OUTDOOR','-','-','-','Baik','1640569841_20211209_115700(AM)___[map].jpg','Desa Majasetra Kec.Majalaya'),
(569,181,'18','INDOOR','Desa','Desa','-','Baik','-','Desa Majasetra Kec.Majalaya'),
(570,181,'14','INDOOR','Desa','Desa','-','Baik','1640569966_20211209_111520(AM)___[map].jpg','Desa Majasetra Kec.Majalaya'),
(571,181,'4','INDOOR','Desa','Desa','-','Baik','1640569997_20211209_111520(AM)___[map].jpg','Desa Majasetra Kec.Majalaya'),
(572,181,'5','OUTDOOR','-','-','-','Baik','1640570030_20211209_120545(PM)___[map].jpg','Desa Majasetra Kec.Majalaya'),
(573,182,'5','OUTDOOR','RW','RW','-','Baik','-','Desa Padamulya Kec.Majalaya'),
(574,182,'4','INDOOR','Desa','Desa','-','Baik','1640570569_IMG-20211206-WA0054.jpg','Desa Padamulya Kec.Majalaya'),
(575,182,'6','INDOOR','Desa','Desa','-','Baik','1640570600_IMG-20211208-WA0024.jpg','Desa Padamulya Kec.Majalaya'),
(576,182,'18','INDOOR','Desa','Desa','-','Baik','1640570621_IMG-20211206-WA0055.jpg','Desa Padamulya Kec.Majalaya'),
(577,183,'1','OUTDOOR','Desa','Desa','-','Baik','1640571180_20211206_120112(PM)___[map].jpg','Ds.Padaulun Kec.Majalaya'),
(578,183,'5','OUTDOOR','-','-',NULL,'Baik','1640571230_20211206_112352(AM)___[map].jpg','Ds.Padaulun Kec.Majalaya'),
(579,183,'4','INDOOR','Desa','Desa','-','Baik','1640571267_20211206_125349(PM)___[map].jpg','Ds.Padaulun Kec.Majalaya'),
(580,184,'1','OUTDOOR','Desa','Desa','-','Baik','1640572045_20211209_020510(PM)___[map](1).jpg','Ds.Sukamaju Kec.Majalaya'),
(581,184,'6','OUTDOOR','Desa','Desa','-','Baik','1640572104_20211209_021346(PM)___[map](1).jpg','Ds.Sukamaju Kec.Majalaya'),
(582,184,'5','OUTDOOR','Pribadi','PT.Juce','-','Baik','1640572228_20211209_030623(PM)___[map](1).jpg','Ds.Sukamaju Kec.Majalaya'),
(583,184,'14','INDOOR','Pribadi','-','-','Baik','1640572316_20211209_015412(PM)___[map].jpg','Ds.Sukamaju Kec.Majalaya'),
(584,184,'4','INDOOR','Desa','Desa','-','Baik','1640572351_20211209_023605(PM)___[map].jpg','Ds.Sukamaju Kec.Majalaya'),
(585,185,'6','OUTDOOR','Hak Guna Pakai','-','4x6','Baik','1640572963_IMG-20211208-WA0044.jpg','Ds.Sukamukti Kec.Majalaya'),
(586,185,'5','OUTDOOR','Hak Guna Pakai','-','13x20','Baik','1640573023_IMG-20211208-WA0043.jpg','Ds.Sukamukti Kec.Majalaya'),
(587,185,'4','INDOOR','Desa','Desa','-','Baik','1640573055_IMG-20211208-WA0045.jpg','Ds.Sukamukti Kec.Majalaya'),
(588,186,'1','OUTDOOR','Desa','Desa','190','Baik','1640573669_WhatsApp Image 2021-12-21 at 13.43.42 (2).jpeg','Ds.Sukamukti Kec.Majalaya'),
(589,186,'18','INDOOR','Desa','Desa','-','Baik','1640573801_WhatsApp Image 2021-12-21 at 13.43.42.jpeg','Ds.Sukamukti Kec.Majalaya'),
(590,186,'4','INDOOR','Pribadi','-','Ds.Wamgisagara Kec.Majalaya','Baik','1640573860_WhatsApp Image 2021-12-21 at 13.43.42.jpeg','Ds.Sukamukti Kec.Majalaya'),
(591,186,'5','OUTDOOR','Desa','Desa','-','Baik','1640573937_WhatsApp Image 2021-12-21 at 13.43.43 (1).jpeg','Ds.Wamgisagara Kec.Majalaya');

/*Table structure for table `t_sarana_prasarana` */

CREATE TABLE `t_sarana_prasarana` (
  `id` int(11) NOT NULL AUTO_INCREMENT,
  `kecamatan_id` varchar(20) DEFAULT NULL,
  `desa_kelurahan_id` int(11) DEFAULT NULL,
  `nama_surveyor` varchar(100) DEFAULT NULL,
  `jabatan_surveyor` varchar(100) DEFAULT NULL,
  `alamat_surveyor` varchar(100) DEFAULT NULL,
  `no_telp_surveyor` varchar(20) DEFAULT NULL,
  `email_desa_kel` varchar(50) DEFAULT NULL,
  `website_desa_kel` varchar(50) DEFAULT NULL,
  `jumlah_rt` int(11) DEFAULT NULL,
  `jumlah_rw` int(11) DEFAULT NULL,
  `jumlah_penduduk` int(11) DEFAULT NULL,
  `demografi` varchar(100) DEFAULT NULL,
  `dibuat_tanggal` datetime DEFAULT current_timestamp(),
  PRIMARY KEY (`id`)
) ENGINE=InnoDB AUTO_INCREMENT=188 DEFAULT CHARSET=utf8mb4;

/*Data for the table `t_sarana_prasarana` */

insert  into `t_sarana_prasarana`(`id`,`kecamatan_id`,`desa_kelurahan_id`,`nama_surveyor`,`jabatan_surveyor`,`alamat_surveyor`,`no_telp_surveyor`,`email_desa_kel`,`website_desa_kel`,`jumlah_rt`,`jumlah_rw`,`jumlah_penduduk`,`demografi`,`dibuat_tanggal`) values 
(70,'8',65,'Nur Arif','Kasi Kesra','Kp. Pasir angin Rt 01/ Rw 06, Desa Cilengkrang','089608052924','hapus@gmail.com','-',23,9,5162,'1640228509_PROFIL BUDAYA DESA CILENGKRANG.docx','2021-12-23 10:01:49'),
(71,'8',66,'Dena Suhana Furwa','Kasie Kesra','Kp. Cipedes Rt 02/ Rw 02, Ds. Cipanjalu','089656710528','desacipanjalu@gmail.com','cipanjalu.desa.id',11,50,5721,'1640233692_Profil Desa Cipanjalu.pdf','2021-12-23 11:28:12'),
(72,'8',67,'Asep Kusnadi','Sekretaris Desa','Kp. Pamulihan Rt 03 / Rw 02','081573336699','desaciporeat@gmail.com','ciporeat.desa.id',9,37,5441,'1640234885_Profil desa ciporeat.pdf','2021-12-23 11:48:05'),
(73,'8',68,'Aceng Kusumah A.Md','Kasi Kesejahteraan','Kp. Cisiringsing Rt 01 / Rw 17','083876546399','desagirimekar@gmail.com','girimekar.desa.id',22,79,14287,'1640235848_monografi desa GIRIMEKAR.docx','2021-12-23 12:04:08'),
(74,'8',69,'Redi Setiawan','Kasi Perencanaan','Kp. Pasir Jati Rt 02/ Rw 12','0895412844536','desajatiendah123@gmail.com','jatiendah.desa.id',19,100,18910,'1640236933_Profil Desa 2021 Jatiendah.pdf','2021-12-23 12:22:13'),
(75,'8',70,'Didi Rahman','Kasi Kesra','Ds. Mekarwangi','082317525781','info@melatiwangi.desa.id','Melatiwangi.desa.id',8,29,5432,'1640240150_PROFIL DESA MELATIWANGI.pdf','2021-12-23 13:15:50'),
(76,'9',71,'Udin Sarpudin S.Ag','Kasi Kesejahteraan','Jl. Cibiruhilir No. 40 Rt 03/ Rw 01','081220464640','desacibiruhilir@gmail.com','Cibiruhilir.desa.id',17,86,15492,'1640242366_none.txt','2021-12-23 13:52:46'),
(77,'25',210,'E.SUDRAJAT','Kasi pemerintahan','Kp.Banjarsari RT 03/RWO9 Desa Banjarsari Kec.Pangalengan','081381693441','hapus@gmail.com','-',10,50,6207,'1640355403_TIDAK ADA FILE DEMOGRAFI.txt','2021-12-24 21:16:43'),
(79,'9',72,'Dudu Budianto','Kasi Kesra','Kp. UD Warung Gede Rt 02/ Rw 12','081224533161','Cibiruwetan2006@gmail.com','Cibiruwetan.id.com',19,85,16782,'1640361246_TIDAK ADA FILE DEMOGRAFI.txt','2021-12-24 22:54:06'),
(80,'9',74,'Usman Haedar','Kasi Kesra','Ss. CIleunyi Kulon','082320759016','desacileunyikulon@gmail.com','cileunyikulon.desa.id',26,116,NULL,'1640415285_TIDAK ADA FILE DEMOGRAFI.txt','2021-12-25 13:54:45'),
(83,'9',74,'Asep Momon Suryana','Sekretaris Desa','Kp. Sekeangkrih Rt 06/ Rw 20','082129540661','Dscileunyiwetan@gmail.com','Desacileunyiwetan.go.id',23,120,32628,'1640419934_TIDAK ADA FILE DEMOGRAFI.txt','2021-12-25 15:12:14'),
(84,'25',279,'Edi Sumpena','Kaur perencanaan','KP.Puncak Raya','082129653900','Desamargaluyu@gmail.com','-',68,14,9964,'1640420472_TIDAK ADA FILE DEMOGRAFI.txt','2021-12-25 15:21:12'),
(85,'25',212,'Nurhayati','Kaur Umum','Kp. Karamat RT03 RW09 Desa Margamekar','082120658665','desa.margamekar2017@gmail.com','www.margamekar_desa.co.id',56,13,9295,'1640422611_TIDAK ADA FILE DEMOGRAFI.txt','2021-12-25 15:56:51'),
(87,'9',75,'Ahmad Derajat','Kasi Kesejahteraan','Ds. Cimekar','082116053984','cimekar2003@gmail.com','cimekar.desa.id',32,175,34125,'1640426477_TIDAK ADA FILE DEMOGRAFI.txt','2021-12-25 17:01:17'),
(89,'25',213,'Ayi Karmat .S ,SE','Sekdes','Kp. Cipanas RT02 RW 05 Desa Margamukti Kec. Pangalengan','081394102100','desamargamukti@gmail.com','www.margamukti.desa.id',134,26,17417,'1640428747_TIDAK ADA FILE DEMOGRAFI.txt','2021-12-25 17:39:07'),
(91,'22',186,'Asep Saepudin','Sekertaris Desa','Kp.Mekar Laksana RT.02/RW.06 Desa. Citaman','081221610336',NULL,'www.citaman.com',59,15,8603,'-','2021-12-25 20:29:08'),
(92,'22',183,'Iwan Gunawan','Sekretaris Desa','Kp.Durung Kidul RT.01 / RW.04','081313101287','nagreg.bojong02@gmail.com','bojong-nagreg.go.id',41,10,6637,'-','2021-12-25 21:20:52'),
(93,'22',184,'Asep Saepul R','KASI Pemerintahan','Kp. Cijolang','081806370823','desaciaro@yahoo.com','-',51,12,9048,'-','2021-12-25 22:00:08'),
(94,'22',185,'Taufik','Kepala Desa','Jalan Caguk RT.04 / RW.03','083124060776','none@none.com','www.ciherang-nagreg.desa.id',54,12,7989,'-','2021-12-25 22:15:32'),
(95,'25',214,'Asep Djamal','Sekdes','Kp. Mulyana RT01 RW06 Desa Margamulya Kec. Pangalengan','082214587479','desamargamulya0211@gmsil.com','www.margamulya-pangalengan_desa.id',110,24,17805,'1640445970_TIDAK ADA FILE DEMOGRAFI.txt','2021-12-25 22:26:10'),
(96,'22',187,'Nurul Khairunnisa','SEKDES','Kp. Margaluyu RT.06 / RW.05 Desa Ganjar Sabar','085217355011','none@none.com','-',60,17,10391,'-','2021-12-25 22:33:57'),
(97,'25',215,'Tatang Karyana','Sekdes','JL. Pangalengan No. 6 KM 41 Pangalengan','0225979067','desapangalenganchennel@gmail.com','pangalengan.desa.id',131,24,23309,'1640448685_TIDAK ADA FILE DEMOGRAFI.txt','2021-12-25 23:11:25'),
(98,'25',211,'Cecep Tanyam','Sekdes','Desa Lamajang Kec.Pangalengan','085755312279','desalamajang2005@gmail.com','www.lamajang.desa.id',93,23,11760,'1640450278_TIDAK ADA FILE DEMOGRAFI.txt','2021-12-25 23:37:58'),
(99,'25',216,'Hendri Solehudin','Sekdes','Kp.Cibuluh RW03','085222511182','desapulosaripin@gmail.com','Pulosari.desa.id',82,17,11677,'1640452587_TIDAK ADA FILE DEMOGRAFI.txt','2021-12-26 00:16:27'),
(100,'22',188,'Dede Saidah','Pelayanan','Kp.Mekarsari RT.01 / RW.03','087711651320','none@none.com','www.mandalawangi-nagreg.desa.id',30,10,4916,'-','2021-12-26 00:23:45'),
(101,'22',189,'Nanang Rahmat Hidayat','kepala Desa','Kp. Cibencor RT.05 / RW.02 Desa Nagreg','081290629708','nagregbis@gmail.com','www.nagreg.desa.id',57,14,6604,'-','2021-12-26 00:34:20'),
(102,'25',217,'Lendi Agung','Kaur Umum','Kp.Wates RT 02 RW 02','081224027717','-','-',75,16,9421,'1640453696_TIDAK ADA FILE DEMOGRAFI.txt','2021-12-26 00:34:56'),
(103,'22',190,'Dedi Suherman','SEKDES','Kp. Gamblung Timur RT.01/RW.03','0821123421189','NAGREGkendan.bdg@gmail.com','www.nagregkendan.desa.id',46,12,5782,'-','2021-12-26 00:52:31'),
(104,'25',218,'Asep Rahmat Hidayat','Sekdes','Kp.Baru Ibun','081214017849','-','www.info@sukamanah,pangalengan.desa.id',146,23,20566,'1640454914_TIDAK ADA FILE DEMOGRAFI.txt','2021-12-26 00:55:14'),
(105,'7',56,'A Riyani Suprobo','KASI Pelayanan','Kp. Manabaya RT.03/RW.03','081223919003','desacihanyir04@gmail.com','-',42,14,7682,'-','2021-12-26 01:04:03'),
(106,'25',219,'Nana Suryana','kasi Kesra','Kp.Patrol RT01 RW 04 Desa Trimulya Kec. Pengalengan','085222809104','-','-',46,14,6088,'1640456466_TIDAK ADA FILE DEMOGRAFI.txt','2021-12-26 01:21:06'),
(107,'7',57,'Diki Sahroni','KASI Pemerintahan','Kp. Cikancung Hilir RT.02 /RW.06','081383505557','desacikancung2020@gmail.com','-',40,10,8576,'-','2021-12-26 01:32:12'),
(108,'25',221,'Pep Komasa','Sekdes','Kp.Wanasari RT 02 /RW 02 Desa Wanasari Kec. Pangalengan','085315208638','-','-',59,18,13712,'1640457399_TIDAK ADA FILE DEMOGRAFI.txt','2021-12-26 01:36:39'),
(109,'7',58,'Ani Hartati, A.Md.','KAUR TU / UMUM','Kp. Cilumpang RT.01/RW.02','082318957900','cikasungka.desa@gmail.com','cikasungka.desa.id',14,12,13665,'-','2021-12-26 01:43:17'),
(110,'25',220,'Muhammad Ghani','Sekdes','KP. Pasir Janghulu RT03 RW05 Desa Wanasuka Kec.Pangalengan','081220961158','desawanasuka80@gmail.com','www.wanasuka.desa.id',43,9,4364,'1640458279_TIDAK ADA FILE DEMOGRAFI.txt','2021-12-26 01:51:19'),
(111,'7',59,'Asep Suryono','Sekretaris Desa','Jalan Raya Cijapati','081291094987','desaciluluk123@gmail.com','-',40,22,12691,'-','2021-12-26 02:39:26'),
(112,'7',60,'Asaim Maulana','Kepala Desa','Kp. Cikalagi Hilir RT.03/RW.02','081217782179','dehegarmanah@gmail.com','www.hegarmanah-cikancung.desa.id',55,13,13287,'-','2021-12-26 02:49:51'),
(113,'7',61,'Enjang Saripudin','KASI Desa','Kp.Biru RT.03/RW.04','082113272346','desa.mandalasari2021@gmail.com','www.mandalasari.desa.id',50,50,15,'-','2021-12-26 03:02:28'),
(114,'7',62,'Ayi Sutisman','KASI KASRA','Kp. Ciheleur RT.03/RW.09','081383882382','mekarlaksana2007@gmail.com','www.mekarlaksana-cikancung.co.id',34,9,6752,'-','2021-12-26 03:08:55'),
(115,'7',63,'Rusnandi','Sekretaris Desa','Kp.Cigelereng RT.12/RW.05','081322314650','ds.srirahayu@yahoo.com','srirahayu.desa.id',30,18,11305,'-','2021-12-26 03:30:15'),
(116,'7',64,'Ahmad Sulado','RW 05','Kp. Peundeuy RT.02/ RW.05','089516157227','-','-',0,0,0,'-','2021-12-26 03:46:12'),
(117,'17',144,'Cun-Cun Mulyana','Sekretaris Desa','Kp. Bukatanah RT.05 / RW.009','082316522565','-','-',47,17,2212,'-','2021-12-26 11:18:49'),
(118,'17',145,'Dadan Hermawan','KASI Kesejahteraan','Kp. Negla RT.03/RW.03','082129225631','neglawangiidaman@gmail.com','-',41,10,4764,'-','2021-12-26 11:44:04'),
(119,'9',76,'Kusnadi','Kasi Pelayanan','Jl. Raya Cinunuk No 725','( 022 ) 7815595','pemdescinunuk@gmail.com','cinunuk.desa.id',29,195,54340,'1640494426_TIDAK ADA FILE DEMOGRAFI.txt','2021-12-26 11:53:46'),
(120,'17',146,'Mukti Rosadi Azka','Sekretaris Desa','Kp. Pasir Muncang RW.09 RT.02 Desa Resmi Tinggal','082321202856','resmitinggaldesa@gmail.com','-',48,17,6448,'-','2021-12-26 12:11:57'),
(121,'17',147,'Budi Silih Maulid','KASI Pemerintahan','Kp. Mekarasari RT.04/RW.09 Desa Sentosa','082320754091','-','-',40,10,5052,'-','2021-12-26 12:30:06'),
(122,'17',148,'Iman Hilman','KAUR UMUM','Kp. Dangdang RT 01 /01 Desa Sukapura Kertasari','085294175274','sukapurayandes@gmail.com','sukapura-kertasari.desa.id',60,20,8863,'-','2021-12-26 12:48:03'),
(123,'17',149,'Yusup Sugiar','LPM','Kp. Pajatan','082310448370','-','-',109,28,15182,'-','2021-12-26 12:59:47'),
(124,'30',262,'Rian Setiawan','Kasie Pemerintahan','Kp. Erengkulon Rt 01/ Rw 07 Ds Bojongemas Kec Solokan Jeruk','08987098543','desabojongemas@gmail.com','boojongemas.desa.id',60,17,13649,'1640499586_TIDAK ADA FILE DEMOGRAFI.txt','2021-12-26 13:19:46'),
(125,'30',263,'Ali Nurman','Kasi Kesra','Kp. Cibodas Rt 03/ Rw 04','081324935088','desa.cibodas19@gmail.com','cibodas-solokanjeruk.desa.id',70,19,11798,'1640500521_TIDAK ADA FILE DEMOGRAFI.txt','2021-12-26 13:35:21'),
(127,'30',264,'Adi Haris Purkon','Kasi Kesra','Kp Sukamanah Rt 03/ Rw 09','083820389065','desalangensari111@gmail.com','-',51,18,10239,'1640501862_TIDAK ADA FILE DEMOGRAFI.txt','2021-12-26 13:57:42'),
(128,'26',222,'Endun Hanhan','Kasi Perencanaan','Kp. Bojong RT02 RT 04 Desa Cigentur Kec.Paseh','081321600184','desacigentur22@gmail.com','www.cigentur.desa.id',32,8,6820,'1640502568_TIDAK ADA FILE DEMOGRAFI.txt','2021-12-26 14:09:28'),
(129,'30',265,'Restu Wibawa Astara','Kasi Kesejahteraan','Ds Bojong Bubu Rt 01/ Rw 06, Ds Padamukti Kec Solokan Jeruk','081219573229','hapus@gmail.com','-',39,13,NULL,'1640503129_TIDAK ADA FILE DEMOGRAFI.txt','2021-12-26 14:18:49'),
(130,'26',223,'Deden Mulyadi','Kasi Kesra','Kp.Cijagra RT03 RW05','085103885111','desacijagra04@gmail.com','www.cijagra.desa.id',43,12,7770,'1640504178_PROPIL DESA CIJAGRA.doc','2021-12-26 14:36:18'),
(131,'26',280,'Toni Suhartori','Kaur Umum','Kp.Pabeyan RT 03 RW 12  Desa Cipaku Kec.Paseh','081280829452','cipakudesa137@gmail.com','www.cipaku.desa.id',21,17,17654,'1640507002_PROFIL desa Cipaku.docx','2021-12-26 15:23:24'),
(132,'26',224,'Asep Rahmat','Kaur Perencanaan','KP.Cipedes RT03 RW 14 Desa Cipedes Kec.Paseh','082217240210','dsacipedes.20@gmail.com','www.cipedes.desa.id',62,15,12325,'1640508983_PROFIL  DESA CIPEDES  2021.docx','2021-12-26 15:56:23'),
(133,'30',266,'Endang Komarudin','Kesra','Kp Babakan Campaka Rt 02/ Rw 14','08212953179','hapus@gmail.com','-',52,18,11230,'1640509316_TIDAK ADA FILE DEMOGRAFI.txt','2021-12-26 16:01:56'),
(134,'26',225,'Ayi Suyatna','Kaur Umum','Kp.Palawija RT01 RW 09 Desa Drawati Kec.Paseh','085797979547','info@drawati.desa.id','www.drawati.desa.id',48,14,12778,'1640510142_PROFIL DESA DRAWATI TAHUN 2020.pdf','2021-12-26 16:15:44'),
(135,'30',267,'Rochmat Permana','Kasi Kesra','Tawanghermah Rt 05/ Rw 08 Rancakasumba','089646944213','hapus@gmail.com',NULL,47,13,12428,'1640510410_TIDAK ADA FILE DEMOGRAFI.txt','2021-12-26 16:20:10'),
(136,'17',142,'Yadi Nurdiaman','KAUR','cibeureum','082215442285','desacibeureumpantes@gmail.com','www.cibeureum.desa.id',119,29,16320,'-','2021-12-26 16:31:28'),
(137,'30',268,'Aris Munandar','Kasi Kesejahteraan','Kp Sukarame Rt 01/ Rw 08 Ds Solokanjeruk','081398997387','soljerds@gmail.com','solokanjeruk.desa.id',77,15,16835,'1640511311_TIDAK ADA FILE DEMOGRAFI.txt','2021-12-26 16:35:11'),
(138,'26',226,'Caca','Sekdes','Kp.Salamangkal RT 01 RW 07 Desa Karang Tunggal Kec.Paseh','085780422265','jajangcaca15@gmail.com','www.karangtunggal.desa.id',21,9,5787,'1640511404_TIDAK ADA FILE DEMOGRAFI.txt','2021-12-26 16:36:44'),
(139,'26',227,'Enung Roswiati','Kasi Pelayanan','Kp.Cilopan Desa loa Kec.Paseh','-','infoloa.desa.id@gmail.com','www.loa.desa.id',56,13,12320,'1640515808_profil desa loa.pdf','2021-12-26 17:50:08'),
(140,'26',228,'Atep Karna','Kasi Kesra','KP.Radatuan RT 01 RW10 Desa Mekar Pawitan Kec.Paseh','081221802680','-','www.Mekarpawitan.desa.id',53,14,9707,'1640517489_PROFIL DESA MEKARPAWITAN 2021.docx','2021-12-26 18:18:09'),
(141,'26',229,'Ujang Sopandi','Kasi Kesra','KP.Nengkelan RT 01 RW 03Desa Sindang Sari Kec.Paseh','081214927031','doksinsar@gmail.com','www.sindang.desa.id',54,15,14194,'1640518650_ISIAN PROFIL DESA SINDANGSARI 2021-1.xlsx','2021-12-26 18:37:30'),
(142,'17',143,'Diat Supriadi','KASI Pelayanan','Kp. Cihawuk','083157982144','-','-',43,13,6627,'-','2021-12-26 18:47:33'),
(143,'26',230,'Undang Kurnawan','Kasi Pemerintahan','Sukamanah RT02 RW 08 Desa Suka Manah Kec.Paseh','085860090832','sukamanah03.paseh@gmail.com','www.sukamanah-psh.desa.id',63,18,12000,'1640522191_PROFIL DESA SUKAMANAH KECAMATAN PASEH.pdf','2021-12-26 19:36:31'),
(144,'26',231,'JIhan Fauzi','Kasi Kesra','Kp.Pacinan RT08 RW 08 Desa Sukamentri Kec. Paseh','082123188063','juara1sukamantri@gmail.com','www.sukamantri.desa.id',66,16,16487,'1640523188_DATA POKOK DESA_SUKAMANTRI.pdf','2021-12-26 19:53:08'),
(145,'26',232,'Ate Restiawan','Kaur Umum','Kp.Ranca Kendas RT 02 RW 011 Desa Tangsi Mekar Kec. Paseh','081321906875','dstansimekar@gmail.com','www.tangsimekar.desa.id',42,15,6700,'1640524174_Profil Desa Tangsimekar 2020.docx','2021-12-26 20:09:34'),
(146,'23',191,'Adam Efendi','Kaur Keuangan','KP. Cisindang RT 02 RW 05','085317043043','-','-',63,14,NULL,'1640526797_TIDAK ADA FILE DEMOGRAFI.txt','2021-12-26 20:53:17'),
(148,'23',192,'Acu','kasi Kesra','KP.Pamoyanan RT 02 RW05 Desa Cikitu Kec. Pacet','082121911685','cikitudesa@gmail.com','www.cikitu.desa.id',47,11,7446,'1640530573_TIDAK ADA FILE DEMOGRAFI.txt','2021-12-26 21:56:13'),
(149,'23',193,'Irna Supriatna indra','Kasi Pemerintahan','KP. Cinanggela RT01 RW 08 Desa Cinanggela Kec. Pacet','085722892280','Desacinanggela52@gmail.com','-',29,8,5468,'1640531397_TIDAK ADA FILE DEMOGRAFI.txt','2021-12-26 22:09:57'),
(150,'23',194,'Heri Nurdiansyah','Kadus 1','KP. Pasir Astana RT01 RW 06 Desa Cipeujeuh Kec.Pacet','0821224076679','-','-',31,9,NULL,'1640532168_TIDAK ADA FILE DEMOGRAFI.txt','2021-12-26 22:22:48'),
(151,'23',195,'Hendi','Kaur perencanaan','KP.Sayuran RT02 RW 08 Desa Giri Mulya Kec.Pacet','081224110002','DesaGirimulya@gmail,com','www.Girimulya.desa.id',38,12,NULL,'1640533137_TIDAK ADA FILE DEMOGRAFI.txt','2021-12-26 22:38:57'),
(152,'23',196,'Iwan Abdurahman','Sekdes','Desa Mandalahaji Kec.Pacet','081221866388','-','-',NULL,NULL,NULL,'1640533642_TIDAK ADA FILE DEMOGRAFI.txt','2021-12-26 22:47:22'),
(153,'23',197,'Zil Ilham','Kasi Pemerintahan','Kp.Jalan Cagak RT01 RW03 Desa Maruyung Kec.Pacet','0895358099000','desamaruyung@gmail.com','www.maruyung.desa.id',55,11,16127,'1640535742_TIDAK ADA FILE DEMOGRAFI.txt','2021-12-26 23:22:22'),
(154,'23',198,'Topik Hidayat','Kadus','Kp.Paninggaran RT 01 RW 08 Desa Mekarjaya Kec.Pacet','-','drosymmpd83@gmail.com','-',36,12,NULL,'1640536837_TIDAK ADA FILE DEMOGRAFI.txt','2021-12-26 23:40:37'),
(155,'23',199,'Ujang Fuad Hasbi','Kaur perencanaan','Kp.Sukanagara RT03 RW06 Desa Mekarsari Kec.Pacet','082130425315','infomekarsaripacet@gmail.com','www.mekarsari-pacet.desa.id',37,11,NULL,'1640537694_TIDAK ADA FILE DEMOGRAFI.txt','2021-12-26 23:54:54'),
(156,'23',200,'Jajang Rusdiana','Perangkat Desa','Kp.Cilebak RT 01 RW 15 Desa Nagrak Kec.Pacet','0813215757533','desanagrak1234@gmail.com','www.nagrak.desa.id',74,17,12941,'1640538583_TIDAK ADA FILE DEMOGRAFI.txt','2021-12-27 00:09:43'),
(157,'23',201,'Talim Wahyudin','Kasi Pemerintahan','Kp.Pasir Luhur RT01 RW10 Desa Pangauban Kec.Pacet','085318686531','-','-',63,15,12319,'1640539988_TIDAK ADA FILE DEMOGRAFI.txt','2021-12-27 00:33:08'),
(158,'23',202,'Anonim',NULL,NULL,NULL,'desa.sukarame.pacet@gmail.com','www.sukarame-pacet_desa.id',46,10,6440,'1640540871_TIDAK ADA FILE DEMOGRAFI.txt','2021-12-27 00:47:51'),
(159,'23',203,'Deden','Kasi Kesra','Kp.Andir RT02 RW06 Desa Tanjung Wangi Kec.Pacet','082120111384','destanjungwangi@gmail.com','-',33,8,6537,'1640541526_TIDAK ADA FILE DEMOGRAFI.txt','2021-12-27 00:58:46'),
(160,'6',45,'Anonim',NULL,NULL,NULL,NULL,NULL,NULL,NULL,NULL,'1640542778_PROFIL DESA Cicalengka Kulon.pdf','2021-12-27 01:19:38'),
(161,'6',46,'Zulfa Mahmud','Operator','Kp.Cisaladah Desa Cicalengka Wetan Kec.Cicalengka','081914975900','Desaclkwetan@gmail.com','www.cicalengkawetan.desa.id',56,16,14518,'1640543445_PROFIL DESA CICALENGKA WETAN 2019.docx','2021-12-27 01:30:45'),
(162,'6',48,'Budiman Amin','Kadus','Kp.Cicalengka RT05 RW05 Desa Dampit Kec.Cicalengka','085860171730','Dampit2020@gmail.com','www.dampit.desa.id',31,8,6846,'1640544663_TIDAK ADA FILE DEMOGRAFI.txt','2021-12-27 01:51:03'),
(164,'6',NULL,'Anonim',NULL,NULL,NULL,'Babakanpetuy@gmail.com',NULL,60,15,11604,'1640552677_profil desa 2020 bbkn ptey .docx','2021-12-27 04:04:37'),
(165,'6',44,'Anonim',NULL,NULL,NULL,'Babakanpetuy@gmail.com',NULL,60,15,11604,'1640553698_profil desa 2020 bbkn ptey .docx','2021-12-27 04:21:38'),
(166,'6',47,'Anonim',NULL,NULL,NULL,'cikuyamembangun@gmail.com','www.cikuya.desa.id',76,17,11816,'1640554603_Scanned_20211130-1504.pdf','2021-12-27 04:36:43'),
(167,'6',49,'Wahyu Arohman','Kadus 1','KP.Cisereh Hilir RT01 RW016 Desa Margaasih Kec.Cicalengka','08221309022','desamargaasih@gmail.com','-',40,16,8897,'1640555582_PROFIL DESA.pdf','2021-12-27 04:53:02'),
(168,'6',50,'Achmad Mulyanto','Sekdes','KP. Warung Lahang RT02 RW08 Desa Nagrog Kec.Cicalengka','082217773562','desanagrog@gmail.com','www.nagrog.desa.id',63,18,NULL,'1640556483_Profil Desa dan Kelurahan.pdf','2021-12-27 05:08:03'),
(171,'6',51,'Anonim',NULL,NULL,NULL,'desanarawita1925@gmail.com','www.Narawita.desa.id',30,13,6593,'1640557892_ProfilDesa Narawita.pdf','2021-12-27 05:31:32'),
(172,'6',52,'Anonim',NULL,NULL,NULL,'ds.panenjoan@gmail.com',NULL,58,11,13536,'1640558453_PROFIL DESA PANENJOAN 2021 PERKEMBANGAN.pdf','2021-12-27 05:40:53'),
(173,'6',53,'Endang Sujana','Sekdes','Ciawitali RT03 RW 08 Desa Tanjungwangi Kec.Cicalengka','085798110354','desatanjungwangi02@gmail.com','www.tanjungwangi.desa.id',34,9,6292,'1640559271_profil desa.doc','2021-12-27 05:54:31'),
(174,'6',55,'Beni Yogaswara','Sekdes','Kp.Ciseke RT 04 RW 05 Desa Waluya Kec.Cicalengka','081111115109','waluya0110@gmail.com',NULL,45,17,14590,'1640560492_PROFIL DESA WALUYA 2020 WORD - Copy.docx','2021-12-27 06:14:52'),
(175,'6',54,'Mahmub Sopyan','Ketua Kelompok Olahraga','KP.Cipetag RT 03 RW 07 Desa Tenjo Kec.Cicalengka','081313497962','desa_tenjolaya@gmail.com',NULL,10,41,9970,'1640561887_TIDAK ADA FILE DEMOGRAFI.txt','2021-12-27 06:38:07'),
(176,'19',161,'Randi Mulyadi','Surveyor','Desa Biru Kec.Majalaya','082113702931','desabiru376@gmail.com','www.biru.desa.id',75,23,17281,'1640564264_TIDAK ADA FILE DEMOGRAFI.txt','2021-12-27 07:17:44'),
(177,'19',162,'Randi Mulyadi','Surveyor','Kp.Ganda Sari Ds.Gandasari RT 01 RW 06 Katapang','082113702931',NULL,NULL,NULL,NULL,NULL,'-','2021-12-27 07:29:40'),
(178,'19',163,'Randi Mulyadi','Surveyor','Kp. Gandasari Desa Ganda Sari Kec.Majalaya','081213702931',NULL,NULL,60,12,11688,'1640566610_TIDAK ADA FILE DEMOGRAFI.txt','2021-12-27 07:56:51'),
(179,'19',164,'Randi Mulyadi','Surveyor','Kp.Gandasari Ds.Gandasari RT01 RW06 Kec. Katapang','081213702931',NULL,NULL,NULL,NULL,NULL,'1640567736_TIDAK ADA FILE DEMOGRAFI.txt','2021-12-27 08:15:36'),
(180,'19',165,'Randi Mulyadi','Surveyor','Kp.Gandasari Ds.Gandasari RT01 RW03 Kec.Katapang','081213702931','desamarjasetra77@gmail.com','www.majsetra.desa.id',48,15,NULL,'1640568586_TIDAK ADA FILE DEMOGRAFI.txt','2021-12-27 08:29:46'),
(181,'19',166,'Randi Mulyadi','Surveyor','KP.Gandasari DS.Gandasari RT 01 RW 06 Kec.Katapang','081213702971',NULL,NULL,NULL,NULL,NULL,'1640569710_TIDAK ADA FILE DEMOGRAFI.txt','2021-12-27 08:48:30'),
(182,'19',167,'Randi Mulyadi','Surveyor',NULL,'081213702931',NULL,NULL,NULL,NULL,NULL,'1640570401_TIDAK ADA FILE DEMOGRAFI.txt','2021-12-27 09:00:01'),
(183,'19',168,'Atep Supriyadi','Sekdes','KP. Kebontiwu RT01 RW 02 Ds.Padaulun Kec.Majalaya','08121433179',NULL,NULL,NULL,NULL,NULL,'1640571118_TIDAK ADA FILE DEMOGRAFI.txt','2021-12-27 09:11:58'),
(184,'19',169,'Aat Ramdani','Kaur perencanaan','JL.Lewidulang No.24 RT02 RW05 Ds.Sukamaju Kec.Majalaya','081322397805','sukamaju_majalaya@gmail.com','www.sukamaju_majalaya.desa.id',86,20,23000,'1640571976_TIDAK ADA FILE DEMOGRAFI.txt','2021-12-27 09:26:16'),
(185,'19',170,'Teguh Dwi Kurnianto S.Kom','Kasi Kesra','KP.Cihaneut RW02 RT01 Ds.Sukamukti Kec.Majalaya','0895610252090','desasukamuktimjl@gmail.com','www.sukamukti.desa.id',48,14,16228,'1640572890_TIDAK ADA FILE DEMOGRAFI.txt','2021-12-27 09:41:30'),
(186,'19',171,'Asep Sutisna','Kasi Pemerintahan','KP.Rancawaas RW02 RT11','081223887611','wangisagaradesa2002@gmail.com','-',56,14,14992,'1640573599_TIDAK ADA FILE DEMOGRAFI.txt','2021-12-27 09:53:19'),
(187,NULL,NULL,NULL,NULL,NULL,NULL,NULL,NULL,NULL,NULL,NULL,NULL,'2021-12-28 23:36:36');

/*Table structure for table `users` */

CREATE TABLE `users` (
  `id` bigint(20) unsigned NOT NULL AUTO_INCREMENT,
  `name` varchar(255) COLLATE utf8mb4_unicode_ci NOT NULL,
  `email` varchar(255) COLLATE utf8mb4_unicode_ci NOT NULL,
  `email_verified_at` timestamp NULL DEFAULT NULL,
  `password` varchar(255) COLLATE utf8mb4_unicode_ci NOT NULL,
  `remember_token` varchar(100) COLLATE utf8mb4_unicode_ci DEFAULT NULL,
  `id_role` int(11) DEFAULT NULL,
  `id_kecamatan` int(11) DEFAULT NULL,
  `created_at` timestamp NULL DEFAULT NULL,
  `updated_at` timestamp NULL DEFAULT NULL,
  PRIMARY KEY (`id`),
  UNIQUE KEY `users_email_unique` (`email`)
) ENGINE=InnoDB AUTO_INCREMENT=3 DEFAULT CHARSET=utf8mb4 COLLATE=utf8mb4_unicode_ci;

/*Data for the table `users` */

insert  into `users`(`id`,`name`,`email`,`email_verified_at`,`password`,`remember_token`,`id_role`,`id_kecamatan`,`created_at`,`updated_at`) values 
(1,'admin','admin@gmail.com',NULL,'$2y$10$K/X50kaAm3n3gUfyT40ZmOi05rugSGa2fmtwO05nY2r4lS0liGdk2',NULL,1,NULL,'2021-11-30 16:30:30','2021-11-30 16:30:30'),
(2,'cileunyi','cileunyi@gmail.com',NULL,'$2y$10$K/X50kaAm3n3gUfyT40ZmOi05rugSGa2fmtwO05nY2r4lS0liGdk2',NULL,3,9,NULL,NULL);

/*!40101 SET SQL_MODE=@OLD_SQL_MODE */;
/*!40014 SET UNIQUE_CHECKS=@OLD_UNIQUE_CHECKS */;
/*!40111 SET SQL_NOTES=@OLD_SQL_NOTES */;
